"Multiconfiguration Dirac-Hartree-Fock energy levels, oscillator
strengths, transition probabilities, hyperfine constants and Land´e
g-factor of intermediate Rydberg series in neutral argon atom","Wa’el Salah1,a and Ola Hassouneh2",Eur. Phys. J. Plus (2017) 132: 160 THE EUROPEAN,,,,,,,,,
,Designation,LS-Term,Energy [cm-1] NIST,Energy [cm-1],g,,S,P,d,f,
g,Ar,g-1S0,0,0,1.0,,3P2,3S1,3P0,3D1,
4s,Ar(4s[3/2]2),4s-3P2,93143.76,93162.20,5.0,,3P1,3D3,3P1,3D2,
,Ar(4s[3/2]1),4s-3P1,93750.598,93768.17,3.0,,3P0,3D2,3F4,1D2,
,Ar(4s'[1/2]0),4s-3P0,94553.665,94602.75,1.0,,1P1,3D1,3F3,3D3,
,Ar(4s'[1/2]1),4s-1P1,95399.828,95409.35,3.0,,,3P2,3P2,1F3,
4p,Ar(4p[1/2]1),4p-3S1,104102.1,104396.67,3.0,,,3P0,3D1,3F4,
,Ar(4p[5/2]3),4p-3D3,105462.76,105485.41,7.0,,,1P1,3F2,1G4,
,Ar(4p[5/2]2),4p-3D2,105617.27,105633.95,5.0,,,1D2,1F3,3G5,
,Ar(4p[3/2]1),4p-3D1,106087.26,106112.57,3.0,,,3P1,1D2,3F2,
,Ar(4p[3/2]2),4p-3P2,106237.55,106226.97,5.0,,,1S0,3D3,3F3,
,Ar(4p[1/2]0),4p-3P0,107054.27,107070.34,1.0,,,,3D2,3G3,
,Ar(4p'[3/2]1),4p-1P1,107131.71,107176.56,3.0,,,,1P1,3G4,
,Ar(4p'[3/2]2),4p-1D2,107289.7,107302.56,5.0,,,,,,
,Ar(4p'[1/2]1),4p-3P1,107496.42,107527.15,3.0,,,,,,
,Ar(4p'[1/2]0),4p-1S0,108722.62,108901.09,1.0,,,,,,
3d,Ar(3d[1/2]0),3d-3P0,111667.77,112440.54,1.0,,,,,,
,Ar(3d[1/2]1),3d-3P1,111818.03,112569.47,3.0,,,,,,
,Ar(3d[7/2]4),3d-3F4,112750.15,112880.93,9.0,,,,,,
,Ar(3d[7/2]3),3d-3F3,113020.36,113053.79,7.0,,,,,,
,Ar(3d[3/2]2),3d-3P2,112138.92,112829.07,5.0,,,,,,
,Ar(3d[3/2]1),3d-3D1,114147.73,114160.68,3.0,,,,,,
,Ar(3d[5/2]2),3d-3F2,113425.96,113407.88,5.0,,,,,,
,Ar(3d[5/2]3),3d-1F3,113716.56,113515.12,7.0,,,,,,
,Ar(3d'[5/2]2),3d-1D2,114640.99,114608.42,5.0,,,,,,
,Ar(3d'[5/2]3),3d-3D3,114821.94,114703.36,7.0,,,,,,
,Ar(3d'[3/2]2),3d-3D2,114805.14,114735.77,5.0,,,,,,
,Ar(3d'[3/2]1),3d-1P1,115366.87,115718.48,3.0,,,,,,
5s,Ar(5s[3/2]2),5s-3P2,113468.47,112977.04,5.0,,,,,,
,Ar(5s[3/2]1),5s-3P1,113643.26,114554.20,3.0,,,,,,
,Ar(5s'[1/2]0),5s-3P0,114861.64,114421.87,1.0,,,,,,
,Ar(5s'[1/2]1),5s-1P1,114975.02,113186.32,3.0,,,,,,
4d,Ar(4d[1/2]0),4d-3P0,118512.2,118381.45,1.0,,,,,,
,Ar(4d[1/2]1),4d-3P1,118651.4,118472.16,3.0,,,,,,
,Ar(4d[7/2]4),4d-3F4,119023.65,118607.51,9.0,,,,,,
,Ar(4d[7/2]3),4d-3F3,119212.87,118722.39,7.0,,,,,,
,Ar(4d[3/2]2),4d-3P2,118906.61,118632.00,5.0,,,,,,
,Ar(4d[3/2]1),4d-3D1,119847.72,119444.00,3.0,,,,,,
,Ar(4d[5/2]2),4d-3F2,119444.83,120170.29,5.0,,,,,,
,Ar(4d[5/2]3),4d-1F3,119566.03,120245.28,7.0,,,,,,
,Ar(4d'[5/2]2),4d-1D2,120619.02,118906.42,5.0,,,,,,
,Ar(4d'[5/2]3),4d-3D3,120753.47,118959.83,7.0,,,,,,
,Ar(4d'[3/2]2),4d-3D2,120600.9,120212.44,5.0,,,,,,
,Ar(4d'[3/2]1),4d-1P1,121011.92,120884.19,3.0,,,,,,
5p,Ar(5p[1/2]1),5p-3S1,116659.99,115959.95,3.0,,,,,,
,Ar(5p[5/2]3),5p-3D3,116942.75,116209.39,7.0,,,,,,
,Ar(5p[5/2]2),5p-3D2,116999.33,116265.40,5.0,,,,,,
,Ar(5p[3/2]1),5p-3D1,117151.33,117696.58,3.0,,,,,,
,Ar(5p[3/2]2),5p-3P2,117183.59,116447.51,5.0,,,,,,
,Ar(5p[1/2]0),5p-3P0,117562.95,116851.36,1.0,,,,,,
,Ar(5p'[3/2]1),5p-1P1,118407.43,116424.78,3.0,,,,,,
,Ar(5p'[3/2]2),5p-1D2,118469.05,117750.48,5.0,,,,,,
,Ar(5p'[1/2]1),5p-3P1,118459.6,117760.57,3.0,,,,,,
,Ar(5p'[1/2]0),5p-1S0,118870.92,118212.63,1.0,,,,,,
6s,Ar(6s[3/2]2),6s-3P2,119683.08,118859.94,5.0,,,,,,
,Ar(6s[3/2]1),6s-3P1,119760.17,120353.86,3.0,,,,,,
,Ar(6s'[1/2]0),6s-3P0,121096.61,120305.76,1.0,,,,,,
,Ar(6s'[1/2]1),6s-1P1,121161.31,118948.13,3.0,,,,,,
4f,Ar(4f[3/2]1),4f-3D1,120188.232,119168.67,3.0,,,,,,
,Ar(4f[3/2]2),4f-3D2,120188.631,119169.15,5.0,,,,,,
,Ar(4f[5/2]2),4f-1D2,120230.063,119214.71,5.0,,,,,,
,Ar(4f[5/2]3),4f-3D3,120229.75,119214.35,7.0,,,,,,
,Ar(4f[7/2]3),4f-1F3,120249.876,119236.94,7.0,,,,,,
,Ar(4f[7/2]4),4f-3F4,120249.914,119236.97,9.0,,,,,,
,Ar(4f[9/2]4),4f-1G4,120207.175,119190.7,9.0,,,,,,
,Ar(4f[9/2]5),4f-3G5,120207.134,119190.53,11.0,,,,,,
,Ar(4f'[5/2]2),4f-3F2,121654.58,120654.29,5.0,,,,,,
,Ar(4f'[5/2]3),4f-3F3,121654.234,120653.91,7.0,,,,,,
,Ar(4f'[7/2]3),4f-3G3,121653.238,120653.2,7.0,,,,,,
,Ar(4f'[7/2]4),4f-3G4,121653.28,120653.31,9.0,,,,,,
5d,Ar(5d[1/2]0),5d-3P0,121794.0988,121202.73,1.0,,,,,,
,Ar(5d[1/2]1),5d-3P1,121932.8477,121262.12,3.0,,,,,,
,Ar(5d[7/2]4),5d-3F4,122036.0704,121326.5,9.0,,,,,,
,Ar(5d[7/2]3),5d-3F3,122160.1502,121396.52,7.0,,,,,,
,Ar(5d[3/2]2),5d-3P2,122086.9164,121356.01,5.0,,,,,,
,Ar(5d[3/2]1),5d-3D1,122514.192,121857.63,3.0,,,,,,
,Ar(5d[5/2]2),5d-3F2,122282.104,122830.32,5.0,,,,,,
,Ar(5d[5/2]3),5d-1F3,122329.672,122876.69,7.0,,,,,,
,Ar(5d'[5/2]2),5d-1D2,123505.4896,121496.43,5.0,,,,,,
,Ar(5d'[5/2]3),5d-3D3,123557.4227,121524.29,7.0,,,,,,
,Ar(5d'[3/2]2),5d-3D2,123372.9253,122843.56,5.0,,,,,,
,Ar(5d'[3/2]1),5d-1P1,123815.56,123687.21,3.0,,,,,,
6p,Ar(6p[1/2]1),6p-3S1,121068.736,120160.74,3.0,,,,,,
,Ar(6p[5/2]3),6p-3D3,121165.367,120256.98,7.0,,,,,,
,Ar(6p[5/2]2),6p-3D2,121191.805,121743.71,5.0,,,,,,
,Ar(6p[3/2]1),6p-3D1,121257.161,121718.52,3.0,,,,,,
,Ar(6p[3/2]2),6p-3P2,121270.617,120362,5.0,,,,,,
,Ar(6p[1/2]0),6p-3P0,121470.238,121937.67,1.0,,,,,,
,Ar(6p'[3/2]1),6p-1P1,122609.637,120352.61,3.0,,,,,,
,Ar(6p'[3/2]2),6p-1D2,122635.054,120283.28,5.0,,,,,,
,Ar(6p'[1/2]1),6p-3P1,122601.225,121735.39,3.0,,,,,,
,Ar(6p'[1/2]0),6p-1S0,122790.547,120570.7,1.0,,,,,,
7s,Ar(7s[3/2]2),7s-3P2,122440.0672,121505.42,5.0,,,,,,
,Ar(7s[3/2]1),7s-3P1,122479.382,121550.17,3.0,,,,,,
,Ar(7s'[1/2]0),7s-3P0,123873,122951.58,1.0,,,,,,
,Ar(7s'[1/2]1),7s-1P1,123882.203,122974.85,3.0,,,,,,
5f,Ar(5f[3/2]1),5f-3D1,122686.065,121656.17,3.0,,,,,,
,Ar(5f[3/2]2),5f-3D2,122686.41,121656.58,5.0,,,,,,
,Ar(5f[5/2]2),5f-1D2,122708.126,121680.19,5.0,,,,,,
,Ar(5f[5/2]3),5f-3D3,122707.902,121679.9,7.0,,,,,,
,Ar(5f[7/2]3),5f-1F3,122717.823,121691.3,7.0,,,,,,
,Ar(5f[7/2]4),5f-3F4,122717.853,121691.33,9.0,,,,,,
,Ar(5f[9/2]4),5f-1G4,122695.697,121667.53,9.0,,,,,,
,Ar(5f[9/2]5),5f-3G5,122695.636,121667.38,11.0,,,,,,
,Ar(5f'[5/2]2),5f-3F2,124137.436,123122.56,5.0,,,,,,
,Ar(5f'[5/2]3),5f-3F3,124137.214,123122.24,7.0,,,,,,
,Ar(5f'[7/2]3),5f-3G3,124135.669,123122.05,7.0,,,,,,
,Ar(5f'[7/2]4),5f-3G4,124135.698,123122.14,9.0,,,,,,
6d,Ar(6d[1/2]0),6d-3P0,123508.927,122728.85,1.0,,,,,,
,Ar(6d[1/2]1),6d-3P1,123467.9733,122767.74,3.0,,,,,,
,Ar(6d[7/2]4),6d-3F4,123653.177,122802.44,9.0,,,,,,
,Ar(6d[7/2]3),6d-3F3,123773.8614,122846.34,7.0,,,,,,
,Ar(6d[3/2]2),6d-3P2,123808.513,122824.96,5.0,,,,,,
,Ar(6d[3/2]1),6d-3D1,123997.01,123145.1,3.0,,,,,,
,Ar(6d[5/2]2),6d-3F2,123826.75,124281.33,5.0,,,,,,
,Ar(6d[5/2]3),6d-1F3,123832.419,124310.26,7.0,,,,,,
,Ar(6d'[5/2]2),6d-1D2,125113.376,122905.12,5.0,,,,,,
,Ar(6d'[5/2]3),6d-3D3,125149.937,122921.34,7.0,,,,,,
,Ar(6d'[3/2]2),6d-3D2,125066.432,124285.9,5.0,,,,,,
,Ar(6d'[3/2]1),6d-1P1,125286.26,124500.53,3.0,,,,,,
7p,Ar(7p[1/2]1),7p-3S1,123171.92,122185.75,3.0,,,,,,
,Ar(7p[5/2]3),7p-3D3,123205.78,122233.32,7.0,,,,,,
,Ar(7p[5/2]2),7p-3D2,123220.69,123700.9,5.0,,,,,,
,Ar(7p[3/2]1),7p-3D1,123254.91,123213.3,3.0,,,,,,
,Ar(7p[3/2]2),7p-3P2,123261.525,122288.85,5.0,,,,,,
,Ar(7p[1/2]0),7p-3P0,123385.044,123801.55,1.0,,,,,,
,Ar(7p'[3/2]1),7p-1P1,124643.45,122283.93,3.0,,,,,,
,Ar(7p'[3/2]2),7p-1D2,124658.44,122247.64,5.0,,,,,,
,Ar(7p'[1/2]1),7p-3P1,124650.95,123693.59,3.0,,,,,,
,Ar(7p'[1/2]0),7p-1S0,124749.805,122407.01,1.0,,,,,,
8s,Ar(8s[3/2]2),8s-3P2,123903.22,123766.12,5.0,,,,,,
,Ar(8s[3/2]1),8s-3P1,123935.87,123782.22,3.0,,,,,,
,Ar(8s'[1/2]0),8s-3P0,125334.69,125212.51,1.0,,,,,,
,Ar(8s'[1/2]1),8s-1P1,125353.23,125220.63,3.0,,,,,,