,,Multiplet/Terms,,,,,,,,
,,lower,upper,gi,gk,Energy [cm^-1],fij(l),fij(v),,
g,4s,g-1S0,4s-3P1,1,3,93768.17,0.067075,0.051223,,
g,4s,g-1S0,4s-1P1,1,3,95409.34,0.032639,0.018073,,
g,3d,g-1S0,3d-3P1,1,3,112569.47,0.002744,0.002415,,
g,3d,g-1S0,3d-3D1,1,3,114160.68,0.096092,0.084249,,
g,3d,g-1S0,3d-1P1,1,3,115718.48,0.033697,0.029539,,
4s,4p,4s-3P0,4p-3S1,1,3,9793.91,0.04768,0.05367,,
4s,4p,4s-3P0,4p-3D1,1,3,11509.82,0.09175,0.07424,,
4s,4p,4s-3P0,4p-1P1,1,3,12573.81,0.73149,0.49598,,
4s,4p,4s-3P0,4p-3P1,1,3,12924.4,0.4086,0.26401,,
4s,4p,4s-3P1,4p-3P0,3,1,13302.17,0.04521,0.27477,,
4s,4p,4s-3P1,4p-1S0,3,1,15132.92,0.003315,0.00164,,
4s,4p,4s-1P1,4p-3P0,3,1,11661,0.002573,0.00195,,
4s,4p,4s-1P1,4p-1S0,3,1,13491.75,0.45872,0.26997,,
4s,4p,4s-3P1,4p-3S1,3,3,10628.5,0.23963,0.22915,,
4s,4p,4s-3P1,4p-3D1,3,3,12344.4,0.93583,0.65949,,
4s,4p,4s-3P1,4p-1P1,3,3,13408.4,0.0016,0.01009,,
4s,4p,4s-3P1,4p-3P1,3,3,13758.98,0.05708,0.0322,,
4s,4p,4s-1P1,4p-3S1,3,3,8987.32,0.01073,0.01411,,
4s,4p,4s-1P1,4p-3D1,3,3,10703.23,0.04555,0.043005,,
4s,4p,4s-1P1,4p-1P1,3,3,11767.22,0.05016,0.038725,,
4s,4p,4s-1P1,4p-3P1,3,3,12117.81,0.66123,0.48433,,
4s,4p,4s-3P1,4p-3D2,3,5,11865.78,1.38944,1.05754,,
4s,4p,4s-3P1,4p-3P2,3,5,12458.8,0.18029,0.25905,,
4s,4p,4s-3P1,4p-1D2,3,5,13534.39,0.44887,0.2645,,
4s,4p,4s-1P1,4p-3D2,3,5,10224.61,0.12329,0.12599,,
4s,4p,4s-1P1,4p-3P2,3,5,10817.63,0.37173,0.34258,,
4s,4p,4s-1P1,4p-1D2,3,5,11893.22,1.48188,1.12798,,
4s,4p,4s-3P2,4p-3S1,5,3,11234.47,0.83165,0.70641,,
4s,4p,4s-3P2,4p-3D1,5,3,12950.38,0.18921,0.12007,,
4s,4p,4s-3P2,4p-1P1,5,3,14014.37,0.02442,0.01322,,
4s,4p,4s-3P2,4p-3P1,5,3,14364.96,0.17648,0.09169,,
4s,4p,4s-3P2,4p-3D2,5,5,12471.76,0.52331,0.35889,,
4s,4p,4s-3P2,4p-3P2,5,5,13064.78,1.51366,0.95401,,
4s,4p,4s-3P2,4p-1D2,5,5,14140.36,0.18734,0.10057,,
4s,4p,4s-3P2,4p-3D3,5,7,12323.22,2.95039,2.09289,,
4p,3d,4p-3P0,3d-3P1,1,3,5499.13,0.06973,0.13581,,
4p,3d,4p-3P0,3d-3D1,1,3,7090.34,0.76498,0.89529,,
4p,3d,4p-3P0,3d-1P1,1,3,8648.14,0.00687,0.00573,,
4p,3d,4p-1S0,3d-3P1,1,3,3668.38,0.00125,0.00566,,
4p,3d,4p-1S0,3d-3D1,1,3,5259.59,0.00783,0.01452,,
4p,3d,4p-1S0,3d-1P1,1,3,6817.39,0.81426,1.03674,,
4p,3d,4p-3S1,3d-3P0,3,1,8043.87,0.42168,0.38531,,
4p,3d,4p-3D1,3d-3P0,3,1,6327.97,0.06513,0.09719,,
4p,3d,4p-1P1,3d-3P0,3,1,5263.97,0.00645,0.01394,,
4p,3d,4p-3P1,3d-3P0,3,1,4913.38,0.04274,1.0469,,
4p,3d,4p-3S1,3d-3P1,3,3,8172.8,1.13148,1.0019,,
4p,3d,4p-3S1,3d-3D1,3,3,9764.01,0.06973,0.1165,,
4p,3d,4p-3S1,3d-1P1,3,3,11321.81,1.536E-04,7.987E-05,,
4p,3d,4p-3D1,3d-3P1,3,3,6456.9,0.02833,0.04121,,
4p,3d,4p-3D1,3d-3D1,3,3,8048.1,0.70373,0.64202,,
4p,3d,4p-3D1,3d-1P1,3,3,9605.91,0.02215,0.01392,,
4p,3d,4p-1P1,3d-3P1,3,3,5392.9,0.0205,0.04229,,
4p,3d,4p-1P1,3d-3D1,3,3,6984.11,0.00721,0.00856,,
4p,3d,4p-1P1,3d-1P1,3,3,8541.91,0.30487,0.24804,,
4p,3d,4p-3P1,3d-3P1,3,3,5042.31,0.046,0.10699,,
4p,3d,4p-3P1,3d-3D1,3,3,6633.52,0.06039,0.08135,,
4p,3d,4p-3P1,3d-1P1,3,3,8191.32,0.43764,0.38387,,
4p,3d,4p-3S1,3d-3P2,3,5,8432.4,1.41182,1.16824,,
4p,3d,4p-3S1,3d-3F2,3,5,9011.22,2.262E-04,2.381E-04,,
4p,3d,4p-3S1,3d-1D2,3,5,10211.75,1.755E-05,2.312E-04,,
4p,3d,4p-3S1,3d-3D2,3,5,10339.1,0.05114,0.02799,,
4p,3d,4p-3D1,3d-3P2,3,5,6716.49,0.09403,0.12134,,
4p,3d,4p-3D1,3d-3F2,3,5,7295.31,1.72901,1.91903,,
4p,3d,4p-3D1,3d-1D2,3,5,8495.85,0.03204,0.02651,,
4p,3d,4p-3D1,3d-3D2,3,5,8623.2,0.03785,0.02952,,
4p,3d,4p-1P1,3d-3P2,3,5,5652.5,0.02936,0.05337,,
4p,3d,4p-1P1,3d-3F2,3,5,6231.32,1.416E-04,1.895E-04,,
4p,3d,4p-1P1,3d-1D2,3,5,7431.85,2.34012,2.51,,
4p,3d,4p-1P1,3d-3D2,3,5,7559.21,0.01001,0.01004,,
4p,3d,4p-3P1,3d-3P2,3,5,5301.91,0.00867,0.01798,,
4p,3d,4p-3P1,3d-3F2,3,5,5880.73,8.886E-05,1.0138E-04,,
4p,3d,4p-3P1,3d-1D2,3,5,7081.27,0.00203,0.0022,,
4p,3d,4p-3P1,3d-3D2,3,5,7208.62,2.03287,2.29804,,
4p,3d,4p-3D2,3d-3P1,5,3,6935.52,0.05642,0.07,,
4p,3d,4p-3D2,3d-3D1,5,3,8526.72,0.08219,0.06704,,
4p,3d,4p-3D2,3d-1P1,5,3,10084.52,0.00115,6.7622E-04,,
4p,3d,4p-3P2,3d-3P1,5,3,6342.5,0.22333,0.32647,,
4p,3d,4p-3P2,3d-3D1,5,3,7933.7,0.00924,0.00868,,
4p,3d,4p-3P2,3d-1P1,5,3,9491.51,0.02464,0.01605,,
4p,3d,4p-1D2,3d-3P1,5,3,5266.91,0.03171,0.06733,,
4p,3d,4p-1D2,3d-3D1,5,3,6858.12,6.963E-04,8.513E-04,,
4p,3d,4p-1D2,3d-1P1,5,3,8415.92,0.0312,0.02587,,
4p,3d,4p-3D2,3d-3P2,5,5,7195.11,0.00821,0.00972,,
4p,3d,4p-3D2,3d-3F2,5,5,7773.93,0.8678,0.8678,,
4p,3d,4p-3D2,3d-1D2,5,5,8974.47,0.048,0.03551,,
4p,3d,4p-3D2,3d-3D2,5,5,9101.82,0.0205,0.01469,,
4p,3d,4p-3P2,3d-3P2,5,5,6602.09,0.8442,1.13787,,
4p,3d,4p-3P2,3d-3F2,5,5,7180.91,0.05608,0.06444,,
4p,3d,4p-3P2,3d-1D2,5,5,8381.45,3.524E-03,2.910E-03,,
4p,3d,4p-3P2,3d-3D2,5,5,8508.8,0.31702,0.25717,,
4p,3d,4p-1D2,3d-3P2,5,5,5526.51,0.17771,0.34209,,
4p,3d,4p-1D2,3d-3F2,5,5,6105.32,1.127E-03,1.868E-03,,
4p,3d,4p-1D2,3d-1D2,5,5,7305.86,0.27724,0.30529,,
4p,3d,4p-1D2,3d-3D2,5,5,7433.21,0.22465,0.23848,,
4p,3d,4p-3D2,3d-3F3,5,7,7419.84,3.32815,3.58343,,
4p,3d,4p-3D2,3d-1F3,5,7,7881.17,0.13714,0.12948,,
4p,3d,4p-3D2,3d-3D3,5,7,9069.41,8.195E-03,5.656E-03,,
4p,3d,4p-3P2,3d-3F3,5,7,6826.82,1.957E-03,2.686E-03,,
4p,3d,4p-3P2,3d-1F3,5,7,7288.15,2.85489,3.15458,,
4p,3d,4p-3P2,3d-3D3,5,7,8476.39,0.02611,0.02124,,
4p,3d,4p-1D2,3d-3F3,5,7,5751.23,8.149E-05,9.762E-05,,
4p,3d,4p-1D2,3d-1F3,5,7,6212.56,5.962E-07,9.716E-07,,
4p,3d,4p-1D2,3d-3D3,5,7,7400.8,3.67883,3.94317,,
4p,3d,4p-3D3,3d-3P2,7,5,7343.65,0.10948,0.11916,,
4p,3d,4p-3D3,3d-3F2,7,5,7922.47,0.05326,0.0498,,
4p,3d,4p-3D3,3d-1D2,7,5,9123.01,5.667E-03,3.997E-04,,
4p,3d,4p-3D3,3d-3D2,7,5,9250.36,0.019,0.01303,,
4p,3d,4p-3D3,3d-3F3,7,7,7568.38,0.45173,0.46299,,
4p,3d,4p-3D3,3d-1F3,7,7,8029.7,0.8127,0.73978,,
4p,3d,4p-3D3,3d-3D3,7,7,9217.94,0.08499,0.05871,,
4p,3d,4p-3D3,3d-3F4,7,9,7395.52,4.85257,5.20721,,
4p,5s,4p-3S1,5s-3P0,3,1,10025.2,0.03712,0.01818,,
4p,5s,4p-3D1,5s-3P0,3,1,8309.29,0.03712,0.01818,,
4p,5s,4p-1P1,5s-3P0,3,1,7245.3,0.31634,0.30049,,
4p,5s,4p-3P1,5s-3P0,3,1,6894.71,0.16569,0.17173,,
4p,5s,4p-3P0,5s-1P1,1,3,6115.99,0.13032,0.17242,,
4p,5s,4p-1S0,5s-1P1,1,3,4285.23,0.01965,0.05276,,
4p,5s,4p-3P0,5s-3P1,1,3,7483.86,1.48241,1.3289,,
4p,5s,4p-1S0,5s-3P1,1,3,5653.11,0.11918,0.18653,,
4p,5s,4p-3S1,5s-1P1,3,3,8789.66,0.11482,0.07083,,
4p,5s,4p-3D1,5s-1P1,3,3,7073.75,0.42068,0.41755,,
4p,5s,4p-1P1,5s-1P1,3,3,6009.76,0.03036,0.0416,,
4p,5s,4p-3P1,5s-1P1,3,3,5659.17,1.832E-03,2.760E-03,,
4p,5s,4p-3S1,5s-3P1,3,3,10157.53,0.0544,0.02623,,
4p,5s,4p-3D1,5s-3P1,3,3,8441.63,7.213E-03,5.144E-03,,
4p,5s,4p-1P1,5s-3P1,3,3,7377.64,0.19828,0.1829,,
4p,5s,4p-3P1,5s-3P1,3,3,7027.05,0.30905,0.31058,,
4p,5s,4p-3D2,5s-1P1,5,3,7552.37,0.72988,0.6388,,
4p,5s,4p-3P2,5s-1P1,5,3,6959.35,0.21048,0.21406,,
4p,5s,4p-1D2,5s-1P1,5,3,5883.76,0.01072,0.0151,,
4p,5s,4p-3D2,5s-3P1,5,3,8920.25,1.647E-03,9.97E-04,,
4p,5s,4p-3P2,5s-3P1,5,3,8327.23,0.09705,0.06915,,
4p,5s,4p-1D2,5s-3P1,5,3,7251.64,0.8531,0.80236,,
4p,5s,4p-3S1,5s-3P2,3,5,8580.38,0.47678,0.32288,,
4p,5s,4p-3D1,5s-3P2,3,5,6864.47,0.07429,0.07959,,
4p,5s,4p-1P1,5s-3P2,3,5,5800.48,7.478E-03,0.01123,,
4p,5s,4p-3P1,5s-3P2,3,5,5449.89,0.05026,0.08436,,
4p,5s,4p-3D2,5s-3P2,5,5,7343.09,0.22919,0.21375,,
4p,5s,4p-3P2,5s-3P2,5,5,6750.07,0.59075,0.6426,,
4p,5s,4p-1D2,5s-3P2,5,5,5674.48,0.05656,0.08739,,
4p,5s,4p-3D3,5s-3P2,7,5,7491.63,1.35817,1.19662,,
g,5s,g-1S0,5s-1P1,1,3,113186.32,0.02956,0.027065,,
g,5s,g-1S0,5s-3P1,1,3,114554.2,0.02356,0.021615,,
g,4d,g-1S0,4d-3P1,1,3,118472.16,1.786E-03,1.575E-03,,
g,4d,g-1S0,4d-3D1,1,3,119443.99,0.07579,0.06665,,
g,4d,g-1S0,4d-1P1,1,3,120884.2,0.17226,0.15144,,
5s,5p,5s-3P0,5p-3S1,1,3,1535.08,8.278E-03,0.03609,,
5s,5p,5s-3P0,5p-1P1,1,3,2002.92,3.966E-03,0.01007,,
5s,5p,5s-3P0,5p-3D1,1,3,3274.71,0.93772,0.89066,,
5s,5p,5s-3P0,5p-3P1,1,3,3338.7,0.61077,0.56265,,
5s,5p,5s-1P1,5p-3P0,3,1,3665.04,0.57374,0.43759,,
5s,5p,5s-1P1,5p-1S0,3,1,5026.31,0.01114,4.557E-03,,
5s,5p,5s-3P1,5p-3P0,3,1,2297.16,5.130E-03,9.798E-03,,
5s,5p,5s-3P1,5p-1S0,3,1,3658.43,0.57404,0.43591,,
5s,5p,5s-1P1,5p-3S1,3,3,2770.62,0.21397,0.28721,,
5s,5p,5s-1P1,5p-1P1,3,3,3238.46,1.2923,1.25914,,
5s,5p,5s-1P1,5p-3D1,3,3,4510.26,4.716E-05,2.692E-05,,
5s,5p,5s-1P1,5p-3P1,3,3,4574.25,8.730E-04,4.138E-04,,
5s,5p,5s-3P1,5p-3S1,3,3,1402.75,7.097E-03,0.07097,,
5s,5p,5s-3P1,5p-1P1,3,3,1870.58,3.069E-03,9.026E-03,,
5s,5p,5s-3P1,5p-3D1,3,3,3142.38,0.59948,0.61565,,
5s,5p,5s-3P1,5p-3P1,3,3,3206.37,0.89641,0.89144,,
5s,5p,5s-1P1,5p-3D2,3,5,3079.08,1.85322,1.98996,,
5s,5p,5s-1P1,5p-3P2,3,5,3261.18,0.60153,0.58148,,
5s,5p,5s-1P1,5p-1D2,3,5,4564.16,0.03846,0.01898,,
5s,5p,5s-3P1,5p-3D2,3,5,1711.2,4.107E-03,0.01419,,
5s,5p,5s-3P1,5p-3P2,3,5,1893.31,0.0192,0.05498,,
5s,5p,5s-3P1,5p-1D2,3,5,3196.28,2.49713,2.50462,,
5s,5p,5s-3P2,5p-3S1,5,3,2979.9,1.15953,1.33051,,
5s,5p,5s-3P2,5p-1P1,5,3,3447.74,0.02559,0.02175,,
5s,5p,5s-3P2,5p-3D1,5,3,4719.54,1.034E-03,4.671E-03,,
5s,5p,5s-3P2,5p-3P1,5,3,4783.53,0.0654,0.02912,,
5s,5p,5s-3P2,5p-3D2,5,5,3288.36,0.62914,0.58993,,
5s,5p,5s-3P2,5p-3P2,5,5,3470.46,2.07997,1.76643,,
5s,5p,5s-3P2,5p-1D2,5,5,4773.44,0.0196,8.773E-03,,
5s,5p,5s-3P2,5p-3D3,5,7,3232.35,3.59213,3.52309,,
5p,6s,5p-3P0,6s-1P1,1,3,2096.77,0.2559,0.37771,,
5p,6s,5p-3P0,6s-3P1,1,3,3502.5,0.01587,8.514E-03,,
5p,6s,5p-1S0,6s-1P1,1,3,735.5,3.385E-03,0.04049,,
5p,6s,5p-1S0,6s-3P1,1,3,2141.22,0.25862,0.3702,,
5p,6s,5p-3S1,6s-3P0,3,1,4348.81,0.01879,6.422E-03,,
5p,6s,5p-1P1,6s-3P0,3,1,3880.98,6.076E-03,2.638E-03,,
5p,6s,5p-3D1,6s-3P0,3,1,2609.18,0.5905,0.56745,,
5p,6s,5p-3P1,6s-3P0,3,1,2545.19,0.37265,0.37218,,
5p,6s,5p-3S1,6s-1P1,3,3,2991.19,0.17809,0.12814,,
5p,6s,5p-3S1,6s-3P1,3,3,4396.91,0.02899,9.784E-03,,
5p,6s,5p-1P1,6s-1P1,3,3,2523.35,0.80308,0.82145,,
5p,6s,5p-1P1,6s-3P1,3,3,3929.07,9.209E-05,4.159E-05,,
5p,6s,5p-3D1,6s-1P1,3,3,1251.55,1.232E-05,5.087E-03,,
5p,6s,5p-3D1,6s-3P1,3,3,2657.28,0.39534,0.36852,,
5p,6s,5p-3P1,6s-1P1,3,3,1187.56,5.940E-04,2.680E-03,,
5p,6s,5p-3P1,6s-3P1,3,3,2593.29,0.57541,0.55694,,
5p,6s,5p-3S1,6s-3P2,3,5,2902.99,0.89326,0.69309,,
5p,6s,5p-1P1,6s-3P2,3,5,2435.16,0.14105,0.15739,,
5p,6s,5p-3D1,6s-3P2,3,5,1163.36,1.976E-04,9.720E-04,,
5p,6s,5p-3P1,6s-3P2,3,5,1099.37,0.01188,0.0643,,
5p,6s,5p-3D2,6s-1P1,5,3,2682.73,1.28003,1.16439,,
5p,6s,5p-3D2,6s-3P1,5,3,4088.45,2.021E-04,7.531E-05,,
5p,6s,5p-3P2,6s-1P1,5,3,2500.63,0.38057,0.39314,,
5p,6s,5p-3P2,6s-3P1,5,3,3906.35,0.01491,6.333E-03,,
5p,6s,5p-1D2,6s-1P1,5,3,1197.65,7.162E-04,3.187E-03,,
5p,6s,5p-1D2,6s-3P1,5,3,2603.37,1.63853,1.56864,,
5p,6s,5p-3D2,6s-3P2,5,5,2594.53,0.38888,0.38088,,
5p,6s,5p-3P2,6s-3P2,5,5,2412.43,1.1502,1.28552,,
5p,6s,5p-1D2,6s-3P2,5,5,1109.45,3.607E-03,0.01914,,
5p,6s,5p-3D3,6s-3P2,7,5,2650.54,2.34989,2.17024,,
g,6s,g-1S0,6s-1P1,1,3,118948.13,0.01266,0.01233,,
g,6s,g-1S0,6s-3P1,1,3,120353.86,0.01338,0.01463,,