obs_wl_vac(nm),ritz_wl_vac(nm),intens,Aki(s^-1),fik,Acc,Ei(cm-1),Ek(cm-1),conf_i,term_i,J_i,conf_k,term_k,J_k,g_i,g_k,Type,tp_ref,line_ref,Source
86.6800,86.6800,180,3.13e+08,1.06e-01,C+,0.0000,115366.866,3s2.3p6,1S,0,3s2.3p5.(2P*<1/2>).3d,2[3/2]*,1,1,3,,"T1355,T1618n",L2131,NIST
86.9754,86.9754,150,3.50e+07,1.19e-02,C,0.0000,114975.019,3s2.3p6,1S,0,3s2.3p5.(2P*<1/2>).5s,2[1/2]*,1,1,3,,"T1355,T1618n,T1372",L2131,NIST
87.6058,87.6058,180r,2.70e+08,9.32e-02,C+,0.0000,114147.732,3s2.3p6,1S,0,3s2.3p5.(2P*<3/2>).3d,2[3/2]*,1,1,3,,"T1355,T1618n",L2131,NIST
87.9947,87.9947,180r,7.7e+07,2.7e-02,C,0.0000,113643.260,3s2.3p6,1S,0,3s2.3p5.(2P*<3/2>).5s,2[3/2]*,1,1,3,,"T1355,T1618n,T1372",L2131,NIST
104.8220,104.8220,1000r,5.32e+08,2.629e-01,AA,0.0000,95399.8276,3s2.3p6,1S,0,3s2.3p5.(2P*<1/2>).4s,2[1/2]*,1,1,3,,T7574,L2131,NIST
106.6660,106.6660,500r,1.320e+08,6.75e-02,A+,0.0000,93750.5978,3s2.3p6,1S,0,3s2.3p5.(2P*<3/2>).4s,2[3/2]*,1,1,3,,T7574,L2131,NIST
,340.6180,,3.9e+05,2.3e-04,D,95399.8276,124749.805,3s2.3p5.(2P*<1/2>).4s,2[1/2]*,1,3s2.3p5.(2P*<1/2>).7p,2[1/2],0,3,1,,T1086n,,NIST
346.107,346.1078,7,6.7e+04,2.0e-04,D,93750.5978,122635.054,3s2.3p5.(2P*<3/2>).4s,2[3/2]*,1,3s2.3p5.(2P*<1/2>).6p,2[3/2],2,3,5,,T1086n,L3512,NIST
355.4306,355.4305,7,2.7e+05,5.1e-04,D,93143.7600,121270.617,3s2.3p5.(2P*<3/2>).4s,2[3/2]*,2,3s2.3p5.(2P*<3/2>).6p,2[3/2],2,5,5,,T1086n,L2634,NIST
,356.3286,,1.2e+05,6.9e-04,D,94553.6652,122609.637,3s2.3p5.(2P*<1/2>).4s,2[1/2]*,0,3s2.3p5.(2P*<1/2>).6p,2[3/2],1,1,3,,T1086n,,NIST
,356.7656,,1.1e+05,2.9e-04,D,93143.7600,121165.367,3s2.3p5.(2P*<3/2>).4s,2[3/2]*,2,3s2.3p5.(2P*<3/2>).6p,2[5/2],3,5,7,,T1086n,,NIST
,357.2295,,5.1e+05,3.3e-04,D,95399.8276,123385.044,3s2.3p5.(2P*<1/2>).4s,2[1/2]*,1,3s2.3p5.(2P*<3/2>).7p,2[1/2],0,3,1,,T1086n,,NIST
360.6522,360.6522,7,7.6e+05,4.9e-04,D,93750.5978,121470.238,3s2.3p5.(2P*<3/2>).4s,2[3/2]*,1,3s2.3p5.(2P*<3/2>).6p,2[1/2],0,3,1,,T1086n,L2634,NIST
,363.2683,,6.6e+04,2.2e-04,D,93750.5978,121270.617,3s2.3p5.(2P*<3/2>).4s,2[3/2]*,1,3s2.3p5.(2P*<3/2>).6p,2[3/2],2,3,5,,T1086n,,NIST
,363.4460,,1.3e+05,2.6e-04,D,93750.5978,121257.161,3s2.3p5.(2P*<3/2>).4s,2[3/2]*,1,3s2.3p5.(2P*<3/2>).6p,2[3/2],1,3,3,,T1086n,,NIST
,364.3116,,2.4e+04,8.0e-05,D,93750.5978,121191.805,3s2.3p5.(2P*<3/2>).4s,2[3/2]*,1,3s2.3p5.(2P*<3/2>).6p,2[5/2],2,3,5,,T1086n,,NIST
,364.9832,,8.0e+05,5.3e-04,D,95399.8276,122790.547,3s2.3p5.(2P*<1/2>).4s,2[1/2]*,1,3s2.3p5.(2P*<1/2>).6p,2[1/2],0,3,1,,T1086n,,NIST
,365.9529,,4.4e+04,8.8e-05,D,93750.5978,121068.736,3s2.3p5.(2P*<3/2>).4s,2[3/2]*,1,3s2.3p5.(2P*<3/2>).6p,2[1/2],1,3,3,,T1086n,,NIST
,367.0670,,3.1e+04,1.0e-04,D,95399.8276,122635.054,3s2.3p5.(2P*<1/2>).4s,2[1/2]*,1,3s2.3p5.(2P*<1/2>).6p,2[3/2],2,3,5,,T1086n,,NIST
,367.5235,,4.9e+04,9.9e-05,D,95399.8276,122601.225,3s2.3p5.(2P*<1/2>).4s,2[1/2]*,1,3s2.3p5.(2P*<1/2>).6p,2[1/2],1,3,3,,T1086n,,NIST
377.0369,377.0369,20,7.0e+04,4.5e-04,D,94553.6652,121068.736,3s2.3p5.(2P*<1/2>).4s,2[1/2]*,0,3s2.3p5.(2P*<3/2>).6p,2[1/2],1,1,3,,T1086n,L2634,NIST
383.4679,383.4678,7,7.5e+05,5.5e-04,D,95399.8276,121470.238,3s2.3p5.(2P*<1/2>).4s,2[1/2]*,1,3s2.3p5.(2P*<3/2>).6p,2[1/2],0,3,1,,T1086n,L2634,NIST
,389.4660,,5.7e+04,1.3e-04,D,95399.8276,121068.736,3s2.3p5.(2P*<1/2>).4s,2[1/2]*,1,3s2.3p5.(2P*<3/2>).6p,2[1/2],1,3,3,,T1086n,,NIST
394.7505,394.7505,7,5.6e+04,1.31e-04,C+,93143.7600,118469.0508,3s2.3p5.(2P*<3/2>).4s,2[3/2]*,2,3s2.3p5.(2P*<1/2>).5p,2[3/2],2,5,5,,T5223,L2634,NIST
394.8979,394.8979,35,4.6e+05,6.4e-04,B,93143.7600,118459.5975,3s2.3p5.(2P*<3/2>).4s,2[3/2]*,2,3s2.3p5.(2P*<1/2>).5p,2[1/2],1,5,3,,T5223,L2634,NIST
404.4418,404.4418,50,3.3e+05,1.36e-03,B,93750.5978,118469.0508,3s2.3p5.(2P*<3/2>).4s,2[3/2]*,1,3s2.3p5.(2P*<1/2>).5p,2[3/2],2,3,5,,T5223,L2634,NIST
,404.5965,,4.1e+04,1.01e-04,B,93750.5978,118459.5975,3s2.3p5.(2P*<3/2>).4s,2[3/2]*,1,3s2.3p5.(2P*<1/2>).5p,2[1/2],1,3,3,,T5223,,NIST
,405.4526,,2.7e+04,6.7e-05,C+,93750.5978,118407.4303,3s2.3p5.(2P*<3/2>).4s,2[3/2]*,1,3s2.3p5.(2P*<1/2>).5p,2[3/2],1,3,3,,T5223,,NIST
415.8590,415.8591,400,1.40e+06,3.6e-03,B,93143.7600,117183.5901,3s2.3p5.(2P*<3/2>).4s,2[3/2]*,2,3s2.3p5.(2P*<3/2>).5p,2[3/2],2,5,5,,T5223,L2634,NIST
416.4180,416.4180,50,2.9e+05,4.5e-04,B,93143.7600,117151.3264,3s2.3p5.(2P*<3/2>).4s,2[3/2]*,2,3s2.3p5.(2P*<3/2>).5p,2[3/2],1,5,3,,T5223,L2634,NIST
418.1884,418.1884,50,5.6e+05,4.4e-03,B,94553.6652,118459.5975,3s2.3p5.(2P*<1/2>).4s,2[1/2]*,0,3s2.3p5.(2P*<1/2>).5p,2[1/2],1,1,3,,T5223,L2634,NIST
419.0713,419.0713,100,2.80e+05,7.4e-04,B,93143.7600,116999.3259,3s2.3p5.(2P*<3/2>).4s,2[3/2]*,2,3s2.3p5.(2P*<3/2>).5p,2[5/2],2,5,5,,T5223,L2634,NIST
419.1029,419.1029,50,5.4e+05,4.3e-03,C+,94553.6652,118407.4303,3s2.3p5.(2P*<1/2>).4s,2[1/2]*,0,3s2.3p5.(2P*<1/2>).5p,2[3/2],1,1,3,,T5223,L2634,NIST
419.8317,419.8317,200,2.57e+06,2.26e-03,B,93750.5978,117562.9553,3s2.3p5.(2P*<3/2>).4s,2[3/2]*,1,3s2.3p5.(2P*<3/2>).5p,2[1/2],0,3,1,,T5223,L2634,NIST
420.0674,420.0675,400,9.7e+05,3.6e-03,B+,93143.7600,116942.7542,3s2.3p5.(2P*<3/2>).4s,2[3/2]*,2,3s2.3p5.(2P*<3/2>).5p,2[5/2],3,5,7,,T5223,L2634,NIST
425.1185,425.1185,25,1.11e+05,1.8e-04,C+,93143.7600,116659.9934,3s2.3p5.(2P*<3/2>).4s,2[3/2]*,2,3s2.3p5.(2P*<3/2>).5p,2[1/2],1,5,3,,T5223,L2634,NIST
425.9362,425.9362,200,3.98e+06,3.61e-03,B+,95399.8276,118870.9170,3s2.3p5.(2P*<1/2>).4s,2[1/2]*,1,3s2.3p5.(2P*<1/2>).5p,2[1/2],0,3,1,,T5223,L2634,NIST
426.6286,426.6287,100,3.1e+05,1.42e-03,C+,93750.5978,117183.5901,3s2.3p5.(2P*<3/2>).4s,2[3/2]*,1,3s2.3p5.(2P*<3/2>).5p,2[3/2],2,3,5,,T5223,L2634,NIST
427.2169,427.2169,150,8.0e+05,2.18e-03,B,93750.5978,117151.3264,3s2.3p5.(2P*<3/2>).4s,2[3/2]*,1,3s2.3p5.(2P*<3/2>).5p,2[3/2],1,3,3,,T5223,L2634,NIST
430.0101,430.0101,100,3.77e+05,1.74e-03,B+,93750.5978,116999.3259,3s2.3p5.(2P*<3/2>).4s,2[3/2]*,1,3s2.3p5.(2P*<3/2>).5p,2[5/2],2,3,5,,T5223,L2634,NIST
433.3561,433.3561,100,5.7e+05,2.67e-03,B+,95399.8276,118469.0508,3s2.3p5.(2P*<1/2>).4s,2[1/2]*,1,3s2.3p5.(2P*<1/2>).5p,2[3/2],2,3,5,,T5223,L2634,NIST
433.5338,433.5338,50,3.9e+05,1.09e-03,C+,95399.8276,118459.5975,3s2.3p5.(2P*<1/2>).4s,2[1/2]*,1,3s2.3p5.(2P*<1/2>).5p,2[1/2],1,3,3,,T5223,L2634,NIST
434.5168,434.5168,25,3.0e+05,8.4e-04,B,95399.8276,118407.4303,3s2.3p5.(2P*<1/2>).4s,2[1/2]*,1,3s2.3p5.(2P*<1/2>).5p,2[3/2],1,3,3,,T5223,L2634,NIST
,436.3795,,1.20e+04,3.4e-05,B,93750.5978,116659.9934,3s2.3p5.(2P*<3/2>).4s,2[3/2]*,1,3s2.3p5.(2P*<3/2>).5p,2[1/2],1,3,3,,T5223,,NIST
,442.3994,,7.3e+03,6.4e-05,C+,94553.6652,117151.3264,3s2.3p5.(2P*<1/2>).4s,2[1/2]*,0,3s2.3p5.(2P*<3/2>).5p,2[3/2],1,1,3,,T5223,,NIST
451.0733,451.0733,100,1.18e+06,1.20e-03,B+,95399.8276,117562.9553,3s2.3p5.(2P*<1/2>).4s,2[1/2]*,1,3s2.3p5.(2P*<3/2>).5p,2[1/2],0,3,1,,T5223,L2634,NIST
452.2323,452.2323,20,9.0e+04,8.3e-04,B,94553.6652,116659.9934,3s2.3p5.(2P*<1/2>).4s,2[1/2]*,0,3s2.3p5.(2P*<3/2>).5p,2[1/2],1,1,3,,T5223,L2634,NIST
,454.4746,,8.3e+04,2.6e-04,E,104102.0990,126099.36,3s2.3p5.(2P*<3/2>).4p,2[1/2],1,3s2.3p5.(2P*<3/2>).11d,2[1/2]*,1,3,3,,T1164n,,NIST
,455.4324,,3.8e+04,2.0e-04,E,104102.0990,126053.10,3s2.3p5.(2P*<3/2>).4p,2[1/2],1,3s2.3p5.(2P*<1/2>).7d,2[3/2]*,2,3,5,,T1164n,,NIST
,458.4956,,1.6e+05,8.4e-04,E,104102.0990,125906.45,3s2.3p5.(2P*<3/2>).4p,2[1/2],1,3s2.3p5.(2P*<3/2>).10d,2[3/2]*,2,3,5,,T1164n,,NIST
,458.6611,,2.3e+05,7.3e-04,E,104102.0990,125898.58,3s2.3p5.(2P*<3/2>).4p,2[1/2],1,3s2.3p5.(2P*<3/2>).10d,2[1/2]*,1,3,3,,T1164n,,NIST
,458.7209,,4.9e+05,5.2e-04,E,104102.0990,125895.74,3s2.3p5.(2P*<3/2>).4p,2[1/2],1,3s2.3p5.(2P*<3/2>).10d,2[1/2]*,0,3,1,,T1164n,,NIST
,458.9289,,6.2e+03,3.3e-05,C,95399.8276,117183.5901,3s2.3p5.(2P*<1/2>).4s,2[1/2]*,1,3s2.3p5.(2P*<3/2>).5p,2[3/2],2,3,5,,T5223,,NIST
459.6097,459.6097,15,9.5e+04,3.0e-04,B,95399.8276,117151.3264,3s2.3p5.(2P*<1/2>).4s,2[1/2]*,1,3s2.3p5.(2P*<3/2>).5p,2[3/2],1,3,3,,T5223,L2634,NIST
462.8441,462.8441,7,3.83e+04,2.05e-04,B+,95399.8276,116999.3259,3s2.3p5.(2P*<1/2>).4s,2[1/2]*,1,3s2.3p5.(2P*<3/2>).5p,2[5/2],2,3,5,,T5223,L2634,NIST
,464.2137,,9.6e+04,5.2e-04,E,104102.0990,125637.87,3s2.3p5.(2P*<3/2>).4p,2[1/2],1,3s2.3p5.(2P*<3/2>).9d,2[3/2]*,2,3,5,,T1164n,,NIST
,464.7489,,1.2e+05,3.9e-04,E,104102.0990,125613.07,3s2.3p5.(2P*<3/2>).4p,2[1/2],1,3s2.3p5.(2P*<3/2>).9d,2[1/2]*,1,3,3,,T1164n,,NIST
470.2316,470.2316,15,1.09e+05,3.6e-04,B,95399.8276,116659.9934,3s2.3p5.(2P*<1/2>).4s,2[1/2]*,1,3s2.3p5.(2P*<3/2>).5p,2[1/2],1,3,3,,T5223,L2634,NIST
,474.6821,,3.6e+05,4.1e-04,E,104102.0990,125162.94,3s2.3p5.(2P*<3/2>).4p,2[1/2],1,3s2.3p5.(2P*<3/2>).8d,2[1/2]*,0,3,1,,T1164n,,NIST
,475.2939,,4.5e+05,1.5e-03,E,104102.0990,125135.831,3s2.3p5.(2P*<3/2>).4p,2[1/2],1,3s2.3p5.(2P*<3/2>).8d,2[1/2]*,1,3,3,,T1164n,,NIST
,476.8673,,8.6e+05,4.9e-03,D,104102.0990,125066.432,3s2.3p5.(2P*<3/2>).4p,2[1/2],1,3s2.3p5.(2P*<1/2>).6d,2[3/2]*,2,3,5,,T1218n,,NIST
,479.8742,,8.8e+04,3.9e-04,E,105462.7596,126295.73,3s2.3p5.(2P*<3/2>).4p,2[5/2],3,3s2.3p5.(2P*<3/2>).12d,2[7/2]*,4,7,9,,T1164n,,NIST
,483.5970,,9.3e+04,4.2e-04,E,105462.7596,126135.36,3s2.3p5.(2P*<3/2>).4p,2[5/2],3,3s2.3p5.(2P*<3/2>).11d,2[7/2]*,4,7,9,,T1164n,,NIST
,483.6697,,1.02e+05,5.97e-04,C,104102.0990,124771.59,3s2.3p5.(2P*<3/2>).4p,2[1/2],1,3s2.3p5.(2P*<3/2>).9s,2[3/2]*,2,3,5,,T1164n,,NIST
,487.6261,,7.8e+05,4.6e-03,D,104102.0990,124603.890,3s2.3p5.(2P*<3/2>).4p,2[1/2],1,3s2.3p5.(2P*<3/2>).7d,2[3/2]*,2,3,5,,T1218n,,NIST
,488.6290,,1.2e+05,5.5e-04,E,105462.7596,125922.47,3s2.3p5.(2P*<3/2>).4p,2[5/2],3,3s2.3p5.(2P*<3/2>).10d,2[7/2]*,4,7,9,,T1164n,,NIST
,488.7947,,1.3e+06,4.7e-03,D,104102.0990,124554.874,3s2.3p5.(2P*<3/2>).4p,2[1/2],1,3s2.3p5.(2P*<3/2>).7d,2[1/2]*,1,3,3,,T1218n,,NIST
,489.4691,,1.8e+06,2.2e-03,D,104102.0990,124526.695,3s2.3p5.(2P*<3/2>).4p,2[1/2],1,3s2.3p5.(2P*<3/2>).7d,2[1/2]*,0,3,1,,T1218n,,NIST
,492.1034,,5.9e+04,3.0e-04,E,105617.2700,125932.53,3s2.3p5.(2P*<3/2>).4p,2[5/2],2,3s2.3p5.(2P*<3/2>).10d,2[7/2]*,3,5,7,,T1164n,,NIST
,493.7720,,3.6e+04,9.4e-05,E,105462.7596,125709.37,3s2.3p5.(2P*<3/2>).4p,2[5/2],3,3s2.3p5.(2P*<3/2>).11s,2[3/2]*,2,7,5,,T1164n,,NIST
,495.6750,,1.8e+05,8.5e-04,E,105462.7596,125631.64,3s2.3p5.(2P*<3/2>).4p,2[5/2],3,3s2.3p5.(2P*<3/2>).9d,2[7/2]*,4,7,9,,T1164n,,NIST
,498.9943,,1.1e+05,5.8e-04,E,105617.2700,125651.99,3s2.3p5.(2P*<3/2>).4p,2[5/2],2,3s2.3p5.(2P*<3/2>).9d,2[7/2]*,3,5,7,,T1164n,,NIST
,503.2024,,8.2e+04,2.2e-04,E,105462.7596,125329.94,3s2.3p5.(2P*<3/2>).4p,2[5/2],3,3s2.3p5.(2P*<3/2>).10s,2[3/2]*,2,7,5,,T1164n,,NIST
,504.8811,,4.6e+05,2.9e-03,D,104102.0990,123903.220,3s2.3p5.(2P*<3/2>).4p,2[1/2],1,3s2.3p5.(2P*<3/2>).8s,2[3/2]*,2,3,5,,T1218n,,NIST
,505.4176,,4.5e+05,1.7e-03,D,104102.0990,123882.203,3s2.3p5.(2P*<3/2>).4p,2[1/2],1,3s2.3p5.(2P*<1/2>).7s,2[1/2]*,1,3,3,,T1218n,,NIST
,505.6529,,5.7e+05,7.3e-04,D,104102.0990,123873.000,3s2.3p5.(2P*<3/2>).4p,2[1/2],1,3s2.3p5.(2P*<1/2>).7s,2[1/2]*,0,3,1,,T1218n,,NIST
,506.0079,,3.7e+05,1.8e-03,E,105462.7596,125219.788,3s2.3p5.(2P*<3/2>).4p,2[5/2],3,3s2.3p5.(2P*<3/2>).8d,2[7/2]*,4,7,9,,T1164n,,NIST
,507.0977,,2.6e+05,6.0e-04,E,105617.2700,125331.84,3s2.3p5.(2P*<3/2>).4p,2[5/2],2,3s2.3p5.(2P*<3/2>).10s,2[3/2]*,1,5,3,,T1164n,,NIST
,507.3076,,5.9e+04,3.8e-04,D,104102.0990,123808.513,3s2.3p5.(2P*<3/2>).4p,2[1/2],1,3s2.3p5.(2P*<3/2>).6d,2[3/2]*,2,3,5,,T1164n,,NIST
,507.8033,,4.7e+04,1.8e-04,E,105462.7596,125149.937,3s2.3p5.(2P*<3/2>).4p,2[5/2],3,3s2.3p5.(2P*<1/2>).6d,2[5/2]*,3,7,7,,T1164n,,NIST
,508.7084,,1.6e+05,8.7e-04,E,105617.2700,125269.42,3s2.3p5.(2P*<3/2>).4p,2[5/2],2,3s2.3p5.(2P*<3/2>).8d,2[7/2]*,3,5,7,,T1164n,,NIST
,510.4729,,8.7e+04,5.7e-04,E,106087.2598,125671.48,3s2.3p5.(2P*<3/2>).4p,2[3/2],1,3s2.3p5.(2P*<3/2>).9d,2[5/2]*,2,3,5,,T1164n,,NIST
,511.8202,,2.7e+05,1.5e-03,D+,105617.2700,125149.937,3s2.3p5.(2P*<3/2>).4p,2[5/2],2,3s2.3p5.(2P*<1/2>).6d,2[5/2]*,3,5,7,,T1218n,,NIST
,512.7801,,3.3e+04,1.3e-04,D,105617.2700,125113.376,3s2.3p5.(2P*<3/2>).4p,2[5/2],2,3s2.3p5.(2P*<1/2>).6d,2[5/2]*,2,5,5,,T1218n,,NIST
515.1391,515.1391,5,2.39e+06,3.17e-03,C,104102.0990,123508.927,3s2.3p5.(2P*<3/2>).4p,2[1/2],1,3s2.3p5.(2P*<3/2>).6d,2[1/2]*,0,3,1,,T1218n,L2634,NIST
,515.2303,,1.1e+05,7.3e-04,D,104102.0990,123505.4896,3s2.3p5.(2P*<3/2>).4p,2[1/2],1,3s2.3p5.(2P*<1/2>).5d,2[5/2]*,2,3,5,,T1218n,,NIST
516.2285,516.2285,15,1.90e+06,7.60e-03,C,104102.0990,123467.9733,3s2.3p5.(2P*<3/2>).4p,2[1/2],1,3s2.3p5.(2P*<3/2>).6d,2[1/2]*,1,3,3,,T1218n,L2634,NIST
,517.7536,,2.4e+05,6.9e-04,D,105462.7596,124771.59,3s2.3p5.(2P*<3/2>).4p,2[5/2],3,3s2.3p5.(2P*<3/2>).9s,2[3/2]*,2,7,5,,T1218n,,NIST
518.7746,518.7746,20,1.38e+06,9.29e-03,C,104102.0990,123372.9253,3s2.3p5.(2P*<3/2>).4p,2[1/2],1,3s2.3p5.(2P*<1/2>).5d,2[3/2]*,2,3,5,,"T1218n,T1164n",L2634,NIST
,519.2733,,1.2e+04,4.9e-05,D,105462.7596,124715.081,3s2.3p5.(2P*<3/2>).4p,2[5/2],3,3s2.3p5.(2P*<3/2>).7d,2[5/2]*,3,7,7,,T1218n,,NIST
,519.4052,,7.8e+05,1.1e-03,D,106087.2598,125334.69,3s2.3p5.(2P*<3/2>).4p,2[3/2],1,3s2.3p5.(2P*<1/2>).8s,2[1/2]*,0,3,1,,T1218n,,NIST
,521.0486,,1.1e+05,4.5e-04,D,105462.7596,124649.485,3s2.3p5.(2P*<3/2>).4p,2[5/2],3,3s2.3p5.(2P*<3/2>).7d,2[7/2]*,3,7,7,,T1164n,,NIST
,521.4774,,2.1e+05,5.1e-04,D,105617.2700,124788.22,3s2.3p5.(2P*<3/2>).4p,2[5/2],2,3s2.3p5.(2P*<3/2>).7d,2[3/2]*,1,5,3,,T1164n,,NIST
,521.6300,,1.3e+05,3.2e-04,D,105617.2700,124782.61,3s2.3p5.(2P*<3/2>).4p,2[5/2],2,3s2.3p5.(2P*<3/2>).9s,2[3/2]*,1,5,3,,T1164n,,NIST
522.1271,522.1270,7,8.8e+05,4.6e-03,D,105462.7596,124609.856,3s2.3p5.(2P*<3/2>).4p,2[5/2],3,3s2.3p5.(2P*<3/2>).7d,2[7/2]*,4,7,9,,T1164n,L2634,NIST
,524.1093,,1.3e+05,5.4e-04,D,105617.2700,124691.951,3s2.3p5.(2P*<3/2>).4p,2[5/2],2,3s2.3p5.(2P*<3/2>).7d,2[5/2]*,2,5,5,,T1164n,,NIST
,524.6198,,1.2e+05,6.9e-04,E,106237.5518,125293.67,3s2.3p5.(2P*<3/2>).4p,2[3/2],2,3s2.3p5.(2P*<3/2>).8d,2[5/2]*,3,5,7,,T1164n,,NIST
,524.9165,,7.9e+04,3.3e-04,E,106237.5518,125282.90,3s2.3p5.(2P*<3/2>).4p,2[3/2],2,3s2.3p5.(2P*<3/2>).8d,2[3/2]*,2,5,5,,T1164n,,NIST
,525.2787,,5.4e+05,3.1e-03,D,105617.2700,124649.485,3s2.3p5.(2P*<3/2>).4p,2[5/2],2,3s2.3p5.(2P*<3/2>).7d,2[7/2]*,3,5,7,,T1164n,,NIST
,525.4471,,3.6e+05,2.5e-03,E,106087.2598,125113.376,3s2.3p5.(2P*<3/2>).4p,2[3/2],1,3s2.3p5.(2P*<1/2>).6d,2[5/2]*,2,3,5,,T1164n,,NIST
,528.6069,,9.6e+04,5.6e-04,E,106237.5518,125149.937,3s2.3p5.(2P*<3/2>).4p,2[3/2],2,3s2.3p5.(2P*<1/2>).6d,2[5/2]*,3,5,7,,T1164n,,NIST
,529.0015,,9.0e+04,2.3e-04,E,106237.5518,125135.831,3s2.3p5.(2P*<3/2>).4p,2[3/2],2,3s2.3p5.(2P*<3/2>).8d,2[1/2]*,1,5,3,,T1164n,,NIST
,530.9513,,1.2e+05,5.1e-04,E,106237.5518,125066.432,3s2.3p5.(2P*<3/2>).4p,2[3/2],2,3s2.3p5.(2P*<1/2>).6d,2[3/2]*,2,5,5,,T1164n,,NIST
,531.7715,,2.6e+05,1.5e-03,E,107289.7001,126089.54,3s2.3p5.(2P*<1/2>).4p,2[3/2],2,3s2.3p5.(2P*<1/2>).7d,2[5/2]*,3,5,7,,T1164n,,NIST
,537.3494,,2.7e+05,1.9e-03,D,106087.2598,124691.951,3s2.3p5.(2P*<3/2>).4p,2[3/2],1,3s2.3p5.(2P*<3/2>).7d,2[5/2]*,2,3,5,,T1164n,,NIST
,539.3979,,9.6e+04,4.2e-04,D,106237.5518,124771.59,3s2.3p5.(2P*<3/2>).4p,2[3/2],2,3s2.3p5.(2P*<3/2>).9s,2[3/2]*,2,5,5,,T1164n,,NIST
,541.0475,,2.0e+05,1.2e-03,D,106237.5518,124715.081,3s2.3p5.(2P*<3/2>).4p,2[3/2],2,3s2.3p5.(2P*<3/2>).7d,2[5/2]*,3,5,7,,T1164n,,NIST
542.1352,542.1351,5,6.0e+05,1.9e-03,D,105462.7596,123903.220,3s2.3p5.(2P*<3/2>).4p,2[5/2],3,3s2.3p5.(2P*<3/2>).8s,2[3/2]*,2,7,5,,T1164n,L2634,NIST
,543.9989,,1.9e+05,8.4e-04,D+,104102.0990,122479.3820,3s2.3p5.(2P*<3/2>).4p,2[1/2],1,3s2.3p5.(2P*<3/2>).7s,2[3/2]*,1,3,3,,T1218n,,NIST
,544.2246,,9.3e+04,4.1e-04,D,105462.7596,123832.419,3s2.3p5.(2P*<3/2>).4p,2[5/2],3,3s2.3p5.(2P*<3/2>).6d,2[5/2]*,3,7,7,,T1164n,,NIST
545.1652,545.1652,10,4.7e+05,3.5e-03,D+,104102.0990,122440.0672,3s2.3p5.(2P*<3/2>).4p,2[1/2],1,3s2.3p5.(2P*<3/2>).7s,2[3/2]*,2,3,5,,T1218n,L2634,NIST
,545.7416,,3.6e+05,9.6e-04,D,105617.2700,123935.870,3s2.3p5.(2P*<3/2>).4p,2[5/2],2,3s2.3p5.(2P*<3/2>).8s,2[3/2]*,1,5,3,,T1218n,,NIST
,545.9651,,3.8e+04,1.7e-04,D,105462.7596,123773.8614,3s2.3p5.(2P*<3/2>).4p,2[5/2],3,3s2.3p5.(2P*<3/2>).6d,2[7/2]*,3,7,7,,T1218n,,NIST
,546.7160,,7.6e+04,3.4e-04,D,105617.2700,123903.220,3s2.3p5.(2P*<3/2>).4p,2[5/2],2,3s2.3p5.(2P*<3/2>).8s,2[3/2]*,2,5,5,,T1218n,,NIST
,547.3451,,2.0e+05,5.4e-04,D,105617.2700,123882.203,3s2.3p5.(2P*<3/2>).4p,2[5/2],2,3s2.3p5.(2P*<1/2>).7s,2[1/2]*,1,5,3,,T1218n,,NIST
,549.0120,,8.5e+04,3.8e-04,D,105617.2700,123826.750,3s2.3p5.(2P*<3/2>).4p,2[5/2],2,3s2.3p5.(2P*<3/2>).6d,2[5/2]*,2,5,5,,T1164n,,NIST
,549.2080,,5.6e+05,8.4e-04,E,107131.7086,125334.69,3s2.3p5.(2P*<1/2>).4p,2[3/2],1,3s2.3p5.(2P*<1/2>).8s,2[1/2]*,0,3,1,,T1164n,,NIST
549.5874,549.5873,25,1.69e+06,9.84e-03,C,105462.7596,123653.177,3s2.3p5.(2P*<3/2>).4p,2[5/2],3,3s2.3p5.(2P*<3/2>).6d,2[7/2]*,4,7,9,,T1218n,L2634,NIST
550.6113,550.6112,5,3.6e+05,2.3e-03,D+,105617.2700,123773.8614,3s2.3p5.(2P*<3/2>).4p,2[5/2],2,3s2.3p5.(2P*<3/2>).6d,2[7/2]*,3,5,7,,T1218n,L2634,NIST
,552.4957,,1.7e+05,7.8e-04,D+,105462.7596,123557.4227,3s2.3p5.(2P*<3/2>).4p,2[5/2],3,3s2.3p5.(2P*<1/2>).5d,2[5/2]*,3,7,7,,T1218n,,NIST
,552.8961,,1.2e+05,1.7e-03,E,107054.2720,125135.831,3s2.3p5.(2P*<3/2>).4p,2[1/2],0,3s2.3p5.(2P*<3/2>).8d,2[1/2]*,1,1,3,,T1164n,,NIST
,553.4479,,2.7e+05,7.4e-04,D+,107289.7001,125353.23,3s2.3p5.(2P*<1/2>).4p,2[3/2],2,3s2.3p5.(2P*<1/2>).8s,2[1/2]*,1,5,3,,T1218n,,NIST
,554.0860,,4.1e+04,1.3e-04,D,105462.7596,123505.4896,3s2.3p5.(2P*<3/2>).4p,2[5/2],3,3s2.3p5.(2P*<1/2>).5d,2[5/2]*,2,7,5,,T1218n,,NIST
,555.2741,,7.9e+04,3.7e-04,E,107131.7086,125135.831,3s2.3p5.(2P*<1/2>).4p,2[3/2],1,3s2.3p5.(2P*<3/2>).8d,2[1/2]*,1,3,3,,T1164n,,NIST
555.8702,555.8702,25,1.42e+06,1.10e-02,C,104102.0990,122086.9164,3s2.3p5.(2P*<3/2>).4p,2[1/2],1,3s2.3p5.(2P*<3/2>).5d,2[3/2]*,2,3,5,,T1218n,L2634,NIST
,555.9676,,2.2e+05,1.7e-03,D+,107131.7086,125113.376,3s2.3p5.(2P*<1/2>).4p,2[3/2],1,3s2.3p5.(2P*<1/2>).6d,2[5/2]*,2,3,5,,T1218n,,NIST
557.2541,557.2541,10,6.6e+05,4.3e-03,C,105617.2700,123557.4227,3s2.3p5.(2P*<3/2>).4p,2[5/2],2,3s2.3p5.(2P*<1/2>).5d,2[5/2]*,3,5,7,,T1218n,L2634,NIST
,557.4228,,4.6e+04,3.6e-04,D,107131.7086,125066.432,3s2.3p5.(2P*<1/2>).4p,2[3/2],1,3s2.3p5.(2P*<1/2>).6d,2[3/2]*,2,3,5,,T1218n,,NIST
,558.1871,,5.6e+04,1.9e-04,D+,105462.7596,123372.9253,3s2.3p5.(2P*<3/2>).4p,2[5/2],3,3s2.3p5.(2P*<1/2>).5d,2[3/2]*,2,7,5,,T1218n,,NIST
,558.8720,,1.5e+05,7.0e-04,D+,105617.2700,123505.4896,3s2.3p5.(2P*<3/2>).4p,2[5/2],2,3s2.3p5.(2P*<1/2>).5d,2[5/2]*,2,5,5,,T1218n,,NIST
,559.7476,,4.2e+05,2.8e-03,E,107289.7001,125149.937,3s2.3p5.(2P*<1/2>).4p,2[3/2],2,3s2.3p5.(2P*<1/2>).6d,2[5/2]*,3,5,7,,T1164n,,NIST
560.6733,560.6733,35,2.20e+06,1.04e-02,C,104102.0990,121932.8477,3s2.3p5.(2P*<3/2>).4p,2[1/2],1,3s2.3p5.(2P*<3/2>).5d,2[1/2]*,1,3,3,,T1218n,L2634,NIST
,561.8014,,2.1e+05,9.9e-04,D,106087.2598,123882.203,3s2.3p5.(2P*<3/2>).4p,2[3/2],1,3s2.3p5.(2P*<1/2>).7s,2[1/2]*,1,3,3,,T1218n,,NIST
,562.0921,,3.6e+05,5.7e-04,D,106087.2598,123873.000,3s2.3p5.(2P*<3/2>).4p,2[3/2],1,3s2.3p5.(2P*<1/2>).7s,2[1/2]*,0,3,1,,T1218n,,NIST
,562.3770,,1.4e+05,6.6e-04,D,107289.7001,125066.432,3s2.3p5.(2P*<1/2>).4p,2[3/2],2,3s2.3p5.(2P*<1/2>).6d,2[3/2]*,2,5,5,,T1218n,,NIST
,563.5576,,9.6e+04,7.6e-04,D,106087.2598,123826.750,3s2.3p5.(2P*<3/2>).4p,2[3/2],1,3s2.3p5.(2P*<3/2>).6d,2[5/2]*,2,3,5,,T1164n,,NIST
,563.734,,9.1e+04,1.3e-03,D,107054.2720,124788.22,3s2.3p5.(2P*<3/2>).4p,2[1/2],0,3s2.3p5.(2P*<3/2>).7d,2[3/2]*,1,1,3,,T1164n,,NIST
,563.912,,2.1e+05,3.0e-03,D,107054.2720,124782.61,3s2.3p5.(2P*<3/2>).4p,2[1/2],0,3s2.3p5.(2P*<3/2>).9s,2[3/2]*,1,1,3,,T1164n,,NIST
,564.1376,,8.7e+04,6.9e-04,D,106087.2598,123808.513,3s2.3p5.(2P*<3/2>).4p,2[3/2],1,3s2.3p5.(2P*<3/2>).6d,2[3/2]*,2,3,5,,T1164n,,NIST
,564.8687,,1.2e+05,3.4e-04,D,106237.5518,123935.870,3s2.3p5.(2P*<3/2>).4p,2[3/2],2,3s2.3p5.(2P*<3/2>).8s,2[3/2]*,1,5,3,,T1218n,,NIST
565.0704,565.0704,20,3.20e+06,5.11e-03,C,104102.0990,121794.0988,3s2.3p5.(2P*<3/2>).4p,2[1/2],1,3s2.3p5.(2P*<3/2>).5d,2[1/2]*,0,3,1,,T1218n,L2634,NIST
,565.9127,,2.6e+05,1.2e-03,D,106237.5518,123903.220,3s2.3p5.(2P*<3/2>).4p,2[3/2],2,3s2.3p5.(2P*<3/2>).8s,2[3/2]*,2,5,5,,T1218n,,NIST
,568.1899,,2.0e+05,1.4e-03,D,106237.5518,123832.419,3s2.3p5.(2P*<3/2>).4p,2[3/2],2,3s2.3p5.(2P*<3/2>).6d,2[5/2]*,3,5,7,,T1218n,,NIST
,568.3730,,2.0e+05,9.7e-04,D,106237.5518,123826.750,3s2.3p5.(2P*<3/2>).4p,2[3/2],2,3s2.3p5.(2P*<3/2>).6d,2[5/2]*,2,5,5,,T1218n,,NIST
,570.0872,,5.9e+05,4.0e-03,D,106237.5518,123773.8614,3s2.3p5.(2P*<3/2>).4p,2[3/2],2,3s2.3p5.(2P*<3/2>).6d,2[7/2]*,3,5,7,,T1218n,,NIST
,571.2504,,8.7e+04,1.3e-03,D,107054.2720,124554.874,3s2.3p5.(2P*<3/2>).4p,2[1/2],0,3s2.3p5.(2P*<3/2>).7d,2[1/2]*,1,1,3,,T1164n,,NIST
573.9520,573.9519,10,8.7e+05,7.2e-03,D,106087.2598,123505.4896,3s2.3p5.(2P*<3/2>).4p,2[3/2],1,3s2.3p5.(2P*<1/2>).5d,2[5/2]*,2,3,5,,T1218n,L2634,NIST
,577.2114,,2.0e+05,1.4e-03,D,106237.5518,123557.4227,3s2.3p5.(2P*<3/2>).4p,2[3/2],2,3s2.3p5.(2P*<1/2>).5d,2[5/2]*,3,5,7,,T1218n,,NIST
,577.4008,,1.1e+05,5.5e-04,D,107289.7001,124603.890,3s2.3p5.(2P*<1/2>).4p,2[3/2],2,3s2.3p5.(2P*<3/2>).7d,2[3/2]*,2,5,5,,T1218n,,NIST
,578.3536,,8.1e+04,6.8e-04,D,106087.2598,123372.9253,3s2.3p5.(2P*<3/2>).4p,2[3/2],1,3s2.3p5.(2P*<1/2>).5d,2[3/2]*,2,3,5,,T1218n,,NIST
,578.9474,,4.6e+04,2.3e-04,D,106237.5518,123505.4896,3s2.3p5.(2P*<3/2>).4p,2[3/2],2,3s2.3p5.(2P*<1/2>).5d,2[5/2]*,2,5,5,,T1218n,,NIST
,579.0401,,3.4e+04,1.0e-04,D,107289.7001,124554.874,3s2.3p5.(2P*<1/2>).4p,2[3/2],2,3s2.3p5.(2P*<3/2>).7d,2[1/2]*,1,5,3,,T1218n,,NIST
,580.2080,,4.2e+05,1.3e-03,D,106237.5518,123467.9733,3s2.3p5.(2P*<3/2>).4p,2[3/2],2,3s2.3p5.(2P*<3/2>).6d,2[1/2]*,1,5,3,,T1218n,,NIST
583.4263,583.4264,5,5.2e+05,2.7e-03,C,106237.5518,123372.9253,3s2.3p5.(2P*<3/2>).4p,2[3/2],2,3s2.3p5.(2P*<1/2>).5d,2[3/2]*,2,5,5,,"T1218n,T1164n",L2634,NIST
,584.3779,,3.3e+04,2.8e-04,D,107496.4166,124603.890,3s2.3p5.(2P*<1/2>).4p,2[1/2],1,3s2.3p5.(2P*<3/2>).7d,2[3/2]*,2,3,5,,T1218n,,NIST
586.0310,586.0310,10,2.85e+05,1.47e-03,C,104102.0990,121161.3135,3s2.3p5.(2P*<3/2>).4p,2[1/2],1,3s2.3p5.(2P*<1/2>).6s,2[1/2]*,1,3,3,,"T1218n,T1164n",L2634,NIST
588.2624,588.2624,15,1.23e+06,2.13e-03,C,104102.0990,121096.605,3s2.3p5.(2P*<3/2>).4p,2[1/2],1,3s2.3p5.(2P*<1/2>).6s,2[1/2]*,0,3,1,,T1218n,L2634,NIST
588.8584,588.8584,25,1.29e+06,4.79e-03,C,105462.7596,122440.0672,3s2.3p5.(2P*<3/2>).4p,2[5/2],3,3s2.3p5.(2P*<3/2>).7s,2[3/2]*,2,7,5,,T1218n,L2634,NIST
591.2085,591.2085,50,1.05e+06,5.51e-03,C,104102.0990,121011.9198,3s2.3p5.(2P*<3/2>).4p,2[1/2],1,3s2.3p5.(2P*<1/2>).4d,2[3/2]*,1,3,3,,"T1218n,T1164n",L2634,NIST
,591.6598,,5.9e+04,1.9e-04,D,105617.2700,122514.192,3s2.3p5.(2P*<3/2>).4p,2[5/2],2,3s2.3p5.(2P*<3/2>).5d,2[3/2]*,1,5,3,,T1218n,,NIST
,592.7125,,3.7e+04,1.9e-04,D+,105462.7596,122329.672,3s2.3p5.(2P*<3/2>).4p,2[5/2],3,3s2.3p5.(2P*<3/2>).5d,2[5/2]*,3,7,7,,T1218n,,NIST
592.8813,592.8812,15,1.1e+06,3.5e-03,D+,105617.2700,122479.3820,3s2.3p5.(2P*<3/2>).4p,2[5/2],2,3s2.3p5.(2P*<3/2>).7s,2[3/2]*,1,5,3,,T1218n,L2634,NIST
,594.0855,,1.2e+05,1.9e-03,D,107054.2720,123882.203,3s2.3p5.(2P*<3/2>).4p,2[1/2],0,3s2.3p5.(2P*<1/2>).7s,2[1/2]*,1,1,3,,T1218n,,NIST
594.2669,594.2668,5,1.8e+05,9.5e-04,D,105617.2700,122440.0672,3s2.3p5.(2P*<3/2>).4p,2[5/2],2,3s2.3p5.(2P*<3/2>).7s,2[3/2]*,2,5,5,,T1218n,L2634,NIST
,594.3888,,3.6e+04,1.4e-04,D,105462.7596,122282.104,3s2.3p5.(2P*<3/2>).4p,2[5/2],3,3s2.3p5.(2P*<3/2>).5d,2[5/2]*,2,7,5,,T1218n,,NIST
,594.9259,,1.5e+05,8.0e-04,D,107131.7086,123935.870,3s2.3p5.(2P*<1/2>).4p,2[3/2],1,3s2.3p5.(2P*<3/2>).8s,2[3/2]*,1,3,3,,T1218n,,NIST
,596.448,,7.7e+04,1.2e-03,D,107054.2720,123815.56,3s2.3p5.(2P*<3/2>).4p,2[1/2],0,3s2.3p5.(2P*<1/2>).5d,2[3/2]*,1,1,3,,T1218n,,NIST
,596.8320,,1.8e+05,9.6e-04,D,107131.7086,123882.203,3s2.3p5.(2P*<1/2>).4p,2[3/2],1,3s2.3p5.(2P*<1/2>).7s,2[1/2]*,1,3,3,,T1218n,,NIST
,597.1601,,1.1e+06,2.0e-03,D+,107131.7086,123873.000,3s2.3p5.(2P*<1/2>).4p,2[3/2],1,3s2.3p5.(2P*<1/2>).7s,2[1/2]*,0,3,1,,T1218n,,NIST
,598.1923,,1.2e+04,9.0e-05,D,105617.2700,122329.672,3s2.3p5.(2P*<3/2>).4p,2[5/2],2,3s2.3p5.(2P*<3/2>).5d,2[5/2]*,3,5,7,,T1218n,,NIST
598.7302,598.7301,7,1.2e+05,6.5e-04,D,105462.7596,122160.1502,3s2.3p5.(2P*<3/2>).4p,2[5/2],3,3s2.3p5.(2P*<3/2>).5d,2[7/2]*,3,7,7,,T1218n,L2634,NIST
,598.8144,,6.1e+04,5.5e-04,D,107131.7086,123826.750,3s2.3p5.(2P*<1/2>).4p,2[3/2],1,3s2.3p5.(2P*<3/2>).6d,2[5/2]*,2,3,5,,T1218n,,NIST
,599.4692,,2.6e+04,2.3e-04,D,107131.7086,123808.513,3s2.3p5.(2P*<1/2>).4p,2[3/2],1,3s2.3p5.(2P*<3/2>).6d,2[3/2]*,2,3,5,,T1164n,,NIST
599.8999,599.8998,5,1.4e+05,7.6e-04,D,105617.2700,122282.104,3s2.3p5.(2P*<3/2>).4p,2[5/2],2,3s2.3p5.(2P*<3/2>).5d,2[5/2]*,2,5,5,,T1218n,L2634,NIST
,600.5725,,1.4e+05,4.5e-04,D+,107289.7001,123935.870,3s2.3p5.(2P*<1/2>).4p,2[3/2],2,3s2.3p5.(2P*<3/2>).8s,2[3/2]*,1,5,3,,T1218n,,NIST
,601.3677,,1.4e+05,5.4e-04,D+,105462.7596,122086.9164,3s2.3p5.(2P*<3/2>).4p,2[5/2],3,3s2.3p5.(2P*<3/2>).5d,2[3/2]*,2,7,5,,T1218n,,NIST
602.5150,602.5150,5,9.0e+05,2.9e-03,D+,107289.7001,123882.203,3s2.3p5.(2P*<1/2>).4p,2[3/2],2,3s2.3p5.(2P*<1/2>).7s,2[1/2]*,1,5,3,,T1218n,L2634,NIST
603.2127,603.2127,70,2.46e+06,1.73e-02,C,105462.7596,122036.0704,3s2.3p5.(2P*<3/2>).4p,2[5/2],3,3s2.3p5.(2P*<3/2>).5d,2[7/2]*,4,7,9,,"T1218n,T1164n",L2634,NIST
604.3223,604.3223,35,1.47e+06,1.13e-02,C,105617.2700,122160.1502,3s2.3p5.(2P*<3/2>).4p,2[5/2],2,3s2.3p5.(2P*<3/2>).5d,2[7/2]*,3,5,7,,T1218n,L2634,NIST
605.2723,605.2723,10,1.9e+05,1.7e-03,D+,104102.0990,120619.0162,3s2.3p5.(2P*<3/2>).4p,2[1/2],1,3s2.3p5.(2P*<1/2>).4d,2[5/2]*,2,3,5,,T1218n,L2634,NIST
605.9372,605.9372,20,4.2e+05,3.9e-03,C,104102.0990,120600.8905,3s2.3p5.(2P*<3/2>).4p,2[1/2],1,3s2.3p5.(2P*<1/2>).4d,2[3/2]*,2,3,5,,"T1218n,T1164n",L2634,NIST
,606.4750,,5.8e+04,4.5e-04,D,107289.7001,123773.8614,3s2.3p5.(2P*<1/2>).4p,2[3/2],2,3s2.3p5.(2P*<3/2>).6d,2[7/2]*,3,5,7,,T1218n,,NIST
,608.1244,,7.5e+04,4.2e-04,D,107496.4166,123935.870,3s2.3p5.(2P*<1/2>).4p,2[1/2],1,3s2.3p5.(2P*<3/2>).8s,2[3/2]*,1,3,3,,T1218n,,NIST
,608.5879,,9.0e+03,5.0e-05,,106087.2598,122514.192,3s2.3p5.(2P*<3/2>).4p,2[3/2],1,3s2.3p5.(2P*<3/2>).5d,2[3/2]*,1,3,3,,T1218n,,NIST
,609.0785,,3.0e+05,5.0e-03,D,107054.2720,123467.9733,3s2.3p5.(2P*<3/2>).4p,2[1/2],0,3s2.3p5.(2P*<3/2>).6d,2[1/2]*,1,1,3,,T1218n,,NIST
609.8803,609.8803,7,5.2e+05,2.9e-03,D+,106087.2598,122479.3820,3s2.3p5.(2P*<3/2>).4p,2[3/2],1,3s2.3p5.(2P*<3/2>).7s,2[3/2]*,1,3,3,,T1218n,L2634,NIST
,610.1161,,3.3e+05,1.8e-03,D+,107496.4166,123882.203,3s2.3p5.(2P*<1/2>).4p,2[1/2],1,3s2.3p5.(2P*<1/2>).7s,2[1/2]*,1,3,3,,T1218n,,NIST
,610.4590,,3.4e+05,6.3e-04,D,107496.4166,123873.000,3s2.3p5.(2P*<1/2>).4p,2[1/2],1,3s2.3p5.(2P*<1/2>).7s,2[1/2]*,0,3,1,,T1218n,,NIST
610.5635,610.5635,10,1.21e+06,1.13e-02,C,107131.7086,123505.4896,3s2.3p5.(2P*<1/2>).4p,2[3/2],1,3s2.3p5.(2P*<1/2>).5d,2[5/2]*,2,3,5,,T1218n,L2634,NIST
,611.3466,,4.7e+04,4.4e-04,D+,106087.2598,122440.0672,3s2.3p5.(2P*<3/2>).4p,2[3/2],1,3s2.3p5.(2P*<3/2>).7s,2[3/2]*,2,3,5,,T1218n,,NIST
,611.9656,,5.1e+04,2.9e-04,D+,107131.7086,123467.9733,3s2.3p5.(2P*<1/2>).4p,2[3/2],1,3s2.3p5.(2P*<3/2>).6d,2[1/2]*,1,3,3,,T1218n,,NIST
,612.1879,,1.3e+04,1.2e-04,D,107496.4166,123826.750,3s2.3p5.(2P*<1/2>).4p,2[1/2],1,3s2.3p5.(2P*<3/2>).6d,2[5/2]*,2,3,5,,T1164n,,NIST
,612.7416,,1.1e+05,3.7e-04,D+,105617.2700,121932.8477,3s2.3p5.(2P*<3/2>).4p,2[5/2],2,3s2.3p5.(2P*<3/2>).5d,2[1/2]*,1,5,3,,T1218n,,NIST
,612.8724,,8.6e+04,8.1e-04,D,107496.4166,123808.513,3s2.3p5.(2P*<1/2>).4p,2[1/2],1,3s2.3p5.(2P*<3/2>).6d,2[3/2]*,2,3,5,,T1164n,,NIST
614.5441,614.5441,10,7.6e+05,6.0e-03,C,107289.7001,123557.4227,3s2.3p5.(2P*<1/2>).4p,2[3/2],2,3s2.3p5.(2P*<1/2>).5d,2[5/2]*,3,5,7,,T1218n,L2634,NIST
,615.5238,,5.1e+05,1.7e-03,D,106237.5518,122479.3820,3s2.3p5.(2P*<3/2>).4p,2[3/2],2,3s2.3p5.(2P*<3/2>).7s,2[3/2]*,1,5,3,,T1218n,,NIST
,616.5123,,9.89e+04,5.64e-04,C,107289.7001,123505.4896,3s2.3p5.(2P*<1/2>).4p,2[3/2],2,3s2.3p5.(2P*<1/2>).5d,2[5/2]*,2,5,5,,T1218n,,NIST
617.0174,617.0174,7,5.0e+05,2.9e-03,C,106237.5518,122440.0672,3s2.3p5.(2P*<3/2>).4p,2[3/2],2,3s2.3p5.(2P*<3/2>).7s,2[3/2]*,2,5,5,,T1218n,L2634,NIST
617.3096,617.3096,10,6.7e+05,6.4e-03,C,106087.2598,122282.104,3s2.3p5.(2P*<3/2>).4p,2[3/2],1,3s2.3p5.(2P*<3/2>).5d,2[5/2]*,2,3,5,,T1218n,L2634,NIST
,617.9419,,6.6e+04,2.3e-04,D,107289.7001,123467.9733,3s2.3p5.(2P*<1/2>).4p,2[3/2],2,3s2.3p5.(2P*<3/2>).6d,2[1/2]*,1,5,3,,T1218n,,NIST
621.2503,621.2503,10,3.9e+05,3.2e-03,D+,106237.5518,122329.672,3s2.3p5.(2P*<3/2>).4p,2[3/2],2,3s2.3p5.(2P*<3/2>).5d,2[5/2]*,3,5,7,,T1218n,L2634,NIST
621.5938,621.5939,5,5.7e+05,3.3e-03,D+,107289.7001,123372.9253,3s2.3p5.(2P*<1/2>).4p,2[3/2],2,3s2.3p5.(2P*<1/2>).5d,2[3/2]*,2,5,5,,T1218n,L2634,NIST
,623.0921,,1.2e+04,7.0e-05,D,106237.5518,122282.104,3s2.3p5.(2P*<3/2>).4p,2[3/2],2,3s2.3p5.(2P*<3/2>).5d,2[5/2]*,2,5,5,,T1164n,,NIST
,624.3390,,1.3e+05,2.5e-04,D,107496.4166,123508.927,3s2.3p5.(2P*<1/2>).4p,2[1/2],1,3s2.3p5.(2P*<3/2>).6d,2[1/2]*,0,3,1,,T1218n,,NIST
,624.4730,,2.0e+04,1.9e-04,D,107496.4166,123505.4896,3s2.3p5.(2P*<1/2>).4p,2[1/2],1,3s2.3p5.(2P*<1/2>).5d,2[5/2]*,2,3,5,,T1218n,,NIST
,624.8406,,6.8e+04,6.6e-04,D,106087.2598,122086.9164,3s2.3p5.(2P*<3/2>).4p,2[3/2],1,3s2.3p5.(2P*<3/2>).5d,2[3/2]*,2,3,5,,T1218n,,NIST
,627.8645,,2.0e+04,1.7e-04,D,106237.5518,122160.1502,3s2.3p5.(2P*<3/2>).4p,2[3/2],2,3s2.3p5.(2P*<3/2>).5d,2[7/2]*,3,5,7,,T1218n,,NIST
629.6872,629.6873,7,9.0e+05,8.9e-03,D+,107496.4166,123372.9253,3s2.3p5.(2P*<1/2>).4p,2[1/2],1,3s2.3p5.(2P*<1/2>).5d,2[3/2]*,2,3,5,,T1218n,L2634,NIST
630.7657,630.7657,15,6.0e+05,3.6e-03,D+,106237.5518,122086.9164,3s2.3p5.(2P*<3/2>).4p,2[3/2],2,3s2.3p5.(2P*<3/2>).5d,2[3/2]*,2,5,5,,T1218n,L2634,NIST
,630.9160,,7.6e+04,4.5e-04,D,106087.2598,121932.8477,3s2.3p5.(2P*<3/2>).4p,2[3/2],1,3s2.3p5.(2P*<3/2>).5d,2[1/2]*,1,3,3,,T1218n,,NIST
,636.4894,,5.6e+05,1.1e-03,D+,106087.2598,121794.0988,3s2.3p5.(2P*<3/2>).4p,2[3/2],1,3s2.3p5.(2P*<3/2>).5d,2[1/2]*,0,3,1,,T1218n,,NIST
636.9575,636.9575,7,4.2e+05,1.5e-03,D+,106237.5518,121932.8477,3s2.3p5.(2P*<3/2>).4p,2[3/2],2,3s2.3p5.(2P*<3/2>).5d,2[1/2]*,1,5,3,,T1218n,L2634,NIST
638.4717,638.4717,20,4.21e+05,2.57e-03,C,104102.0990,119760.1725,3s2.3p5.(2P*<3/2>).4p,2[1/2],1,3s2.3p5.(2P*<3/2>).6s,2[3/2]*,1,3,3,,T1218n,L2634,NIST
641.6307,641.6307,70,1.16e+06,1.19e-02,C,104102.0990,119683.0821,3s2.3p5.(2P*<3/2>).4p,2[1/2],1,3s2.3p5.(2P*<3/2>).6s,2[3/2]*,2,3,5,,T1218n,L2634,NIST
,643.1555,,5.1e+04,1.9e-04,D,105617.2700,121161.3135,3s2.3p5.(2P*<3/2>).4p,2[5/2],2,3s2.3p5.(2P*<1/2>).6s,2[1/2]*,1,5,3,,T1218n,,NIST
,646.6552,,1.5e+05,2.8e-03,D,107054.2720,122514.192,3s2.3p5.(2P*<3/2>).4p,2[1/2],0,3s2.3p5.(2P*<3/2>).5d,2[3/2]*,1,1,3,,T1218n,,NIST
,648.1145,,9.4e+04,1.8e-03,D,107054.2720,122479.3820,3s2.3p5.(2P*<3/2>).4p,2[1/2],0,3s2.3p5.(2P*<3/2>).7s,2[3/2]*,1,1,3,,T1218n,,NIST
,649.3969,,3.1e+04,1.2e-04,D,105617.2700,121011.9198,3s2.3p5.(2P*<3/2>).4p,2[5/2],2,3s2.3p5.(2P*<1/2>).4d,2[3/2]*,1,5,3,,T1164n,,NIST
,651.3846,,5.4e+04,3.4e-04,D,107131.7086,122479.3820,3s2.3p5.(2P*<1/2>).4p,2[3/2],1,3s2.3p5.(2P*<3/2>).7s,2[3/2]*,1,3,3,,T1164n,,NIST
653.8112,653.8112,15,1.1e+05,7.1e-04,D+,105462.7596,120753.4714,3s2.3p5.(2P*<3/2>).4p,2[5/2],3,3s2.3p5.(2P*<1/2>).4d,2[5/2]*,3,7,7,,T1218n,L2634,NIST
,659.6113,,2.3e+04,1.1e-04,D,105462.7596,120619.0162,3s2.3p5.(2P*<3/2>).4p,2[5/2],3,3s2.3p5.(2P*<1/2>).4d,2[5/2]*,2,7,5,,T1164n,,NIST
,659.8678,,3.6e+04,2.4e-04,D,107289.7001,122440.0672,3s2.3p5.(2P*<1/2>).4p,2[3/2],2,3s2.3p5.(2P*<3/2>).7s,2[3/2]*,2,5,5,,T1164n,,NIST
,660.4011,,2.8e+05,1.3e-03,D+,105462.7596,120600.8905,3s2.3p5.(2P*<3/2>).4p,2[5/2],3,3s2.3p5.(2P*<1/2>).4d,2[3/2]*,2,7,5,,T1218n,,NIST
660.4853,660.4853,15,1.3e+04,1.2e-04,D,105617.2700,120753.4714,3s2.3p5.(2P*<3/2>).4p,2[5/2],2,3s2.3p5.(2P*<1/2>).4d,2[5/2]*,3,5,7,,T1218n,L2634,NIST
,663.2084,,5.3e+04,3.5e-04,D,106087.2598,121161.3135,3s2.3p5.(2P*<3/2>).4p,2[3/2],1,3s2.3p5.(2P*<1/2>).6s,2[1/2]*,1,3,3,,T1218n,,NIST
,665.6938,,3.1e+04,2.1e-04,D,107496.4166,122514.192,3s2.3p5.(2P*<1/2>).4p,2[1/2],1,3s2.3p5.(2P*<3/2>).5d,2[3/2]*,1,3,3,,T1164n,,NIST
666.0676,666.0677,5,7.8e+05,1.7e-03,D,106087.2598,121096.605,3s2.3p5.(2P*<3/2>).4p,2[3/2],1,3s2.3p5.(2P*<1/2>).6s,2[1/2]*,0,3,1,,T1218n,L2634,NIST
666.4051,666.4051,5,1.5e+05,1.0e-03,D+,105617.2700,120619.0162,3s2.3p5.(2P*<3/2>).4p,2[5/2],2,3s2.3p5.(2P*<1/2>).4d,2[5/2]*,2,5,5,,T1218n,L2634,NIST
667.7282,667.7281,100,2.36e+05,5.3e-04,B,93750.5978,108722.6194,3s2.3p5.(2P*<3/2>).4s,2[3/2]*,1,3s2.3p5.(2P*<1/2>).4p,2[1/2],0,3,1,,T5223,L2634,NIST
,668.4788,,3.9e+04,4.4e-04,D,107131.7086,122086.9164,3s2.3p5.(2P*<1/2>).4p,2[3/2],1,3s2.3p5.(2P*<3/2>).5d,2[3/2]*,2,3,5,,T1218n,,NIST
,669.8471,,2.5e+04,1.7e-04,D,106087.2598,121011.9198,3s2.3p5.(2P*<3/2>).4p,2[3/2],1,3s2.3p5.(2P*<1/2>).4d,2[3/2]*,1,3,3,,T1218n,,NIST
,669.8874,,1.6e+05,6.5e-04,D+,106237.5518,121161.3135,3s2.3p5.(2P*<3/2>).4p,2[3/2],2,3s2.3p5.(2P*<1/2>).6s,2[1/2]*,1,5,3,,T1218n,,NIST
,671.9219,,2.4e+05,4.9e-03,D,107054.2720,121932.8477,3s2.3p5.(2P*<3/2>).4p,2[1/2],0,3s2.3p5.(2P*<3/2>).5d,2[1/2]*,1,1,3,,T1218n,,NIST
,672.2890,,3.2e+04,3.0e-04,D,107289.7001,122160.1502,3s2.3p5.(2P*<1/2>).4p,2[3/2],2,3s2.3p5.(2P*<3/2>).5d,2[7/2]*,3,5,7,,T1218n,,NIST
675.2834,675.2834,150,1.93e+06,2.20e-02,C,104102.0990,118906.6110,3s2.3p5.(2P*<3/2>).4p,2[1/2],1,3s2.3p5.(2P*<3/2>).4d,2[3/2]*,2,3,5,,T1218n,L2634,NIST
,675.4372,,2.1e+05,1.4e-03,D,107131.7086,121932.8477,3s2.3p5.(2P*<1/2>).4p,2[3/2],1,3s2.3p5.(2P*<3/2>).5d,2[1/2]*,1,3,3,,T1218n,,NIST
675.6163,675.6163,5,3.6e+05,2.5e-03,D+,107289.7001,122086.9164,3s2.3p5.(2P*<1/2>).4p,2[3/2],2,3s2.3p5.(2P*<3/2>).5d,2[3/2]*,2,5,5,,T1218n,L2634,NIST
676.6612,676.6611,15,4.0e+05,1.6e-03,D+,106237.5518,121011.9198,3s2.3p5.(2P*<3/2>).4p,2[3/2],2,3s2.3p5.(2P*<1/2>).4d,2[3/2]*,1,5,3,,T1218n,L2634,NIST
,677.9926,,1.21e+05,2.50e-03,C,108722.6194,123467.9733,3s2.3p5.(2P*<1/2>).4p,2[1/2],0,3s2.3p5.(2P*<3/2>).6d,2[1/2]*,1,1,3,,T1164n,,NIST
,681.8289,,2.0e+05,4.6e-04,D,107131.7086,121794.0988,3s2.3p5.(2P*<1/2>).4p,2[3/2],1,3s2.3p5.(2P*<3/2>).5d,2[1/2]*,0,3,1,,T1218n,,NIST
,682.7249,,2.4e+05,1.0e-03,D,107289.7001,121932.8477,3s2.3p5.(2P*<1/2>).4p,2[3/2],2,3s2.3p5.(2P*<3/2>).5d,2[1/2]*,1,5,3,,T1218n,,NIST
,685.1884,,6.7e+04,7.9e-04,D,107496.4166,122086.9164,3s2.3p5.(2P*<1/2>).4p,2[1/2],1,3s2.3p5.(2P*<3/2>).5d,2[3/2]*,2,3,5,,T1218n,,NIST
687.1289,687.1289,150,2.78e+06,1.97e-02,C,104102.0990,118651.3950,3s2.3p5.(2P*<3/2>).4p,2[1/2],1,3s2.3p5.(2P*<3/2>).4d,2[1/2]*,1,3,3,,T1218n,L2634,NIST
687.9582,687.9583,5,1.8e+05,2.1e-03,D+,106087.2598,120619.0162,3s2.3p5.(2P*<3/2>).4p,2[3/2],1,3s2.3p5.(2P*<1/2>).4d,2[5/2]*,2,3,5,,T1218n,L2634,NIST
,688.7088,,1.3e+05,1.3e-03,D+,106237.5518,120753.4714,3s2.3p5.(2P*<3/2>).4p,2[3/2],2,3s2.3p5.(2P*<1/2>).4d,2[5/2]*,3,5,7,,T1218n,,NIST
688.8174,688.8174,10,2.5e+05,3.0e-03,D+,106087.2598,120600.8905,3s2.3p5.(2P*<3/2>).4p,2[3/2],1,3s2.3p5.(2P*<1/2>).4d,2[3/2]*,2,3,5,,T1218n,L2634,NIST
,692.5009,,1.2e+05,8.6e-04,D+,107496.4166,121932.8477,3s2.3p5.(2P*<1/2>).4p,2[1/2],1,3s2.3p5.(2P*<3/2>).5d,2[1/2]*,1,3,3,,T1218n,,NIST
693.7664,693.7664,50,3.08e+06,7.41e-03,C,104102.0990,118512.197,3s2.3p5.(2P*<3/2>).4p,2[1/2],1,3s2.3p5.(2P*<3/2>).4d,2[1/2]*,0,3,1,,T1218n,L2634,NIST
695.1478,695.1477,7,2.2e+05,1.6e-03,D,106237.5518,120619.0162,3s2.3p5.(2P*<3/2>).4p,2[3/2],2,3s2.3p5.(2P*<1/2>).4d,2[5/2]*,2,5,5,,T1218n,L2634,NIST
696.0250,696.0250,7,2.4e+05,1.7e-03,D,106237.5518,120600.8905,3s2.3p5.(2P*<3/2>).4p,2[3/2],2,3s2.3p5.(2P*<1/2>).4d,2[3/2]*,2,5,5,,T1218n,L2634,NIST
696.5431,696.5430,10000,6.4e+06,2.79e-02,B+,93143.7600,107496.4166,3s2.3p5.(2P*<3/2>).4s,2[3/2]*,2,3s2.3p5.(2P*<1/2>).4p,2[1/2],1,5,3,,T5223,L2634,NIST
,699.2212,,7.5e+05,1.8e-03,D+,107496.4166,121794.0988,3s2.3p5.(2P*<1/2>).4p,2[1/2],1,3s2.3p5.(2P*<3/2>).5d,2[1/2]*,0,3,1,,T1218n,,NIST
703.0251,703.0251,150,2.67e+06,1.41e-02,C,105462.7596,119683.0821,3s2.3p5.(2P*<3/2>).4p,2[5/2],3,3s2.3p5.(2P*<3/2>).6s,2[3/2]*,2,7,5,,T1218n,L2634,NIST
706.7218,706.7217,10000,3.8e+06,2.85e-02,B,93143.7600,107289.7001,3s2.3p5.(2P*<3/2>).4s,2[3/2]*,2,3s2.3p5.(2P*<1/2>).4p,2[3/2],2,5,5,,T5223,L2634,NIST
706.8736,706.8735,100,2.0e+06,9.0e-03,D+,105617.2700,119760.1725,3s2.3p5.(2P*<3/2>).4p,2[5/2],2,3s2.3p5.(2P*<3/2>).6s,2[3/2]*,1,5,3,,T1218n,L2634,NIST
,708.6705,,1.5e+05,3.4e-03,D+,107054.2720,121161.3135,3s2.3p5.(2P*<3/2>).4p,2[1/2],0,3s2.3p5.(2P*<1/2>).6s,2[1/2]*,1,1,3,,T1218n,,NIST
710.7478,710.7477,25,4.5e+05,3.4e-03,D+,105617.2700,119683.0821,3s2.3p5.(2P*<3/2>).4p,2[5/2],2,3s2.3p5.(2P*<3/2>).6s,2[3/2]*,2,5,5,,T1218n,L2634,NIST
712.5820,712.5820,25,6.0e+05,4.6e-03,D+,107131.7086,121161.3135,3s2.3p5.(2P*<1/2>).4p,2[3/2],1,3s2.3p5.(2P*<1/2>).6s,2[1/2]*,1,3,3,,T1218n,L2634,NIST
714.7042,714.7041,1000,6.3e+05,2.87e-03,B,93143.7600,107131.7086,3s2.3p5.(2P*<3/2>).4s,2[3/2]*,2,3s2.3p5.(2P*<1/2>).4p,2[3/2],1,5,3,,T5223,L2634,NIST
715.8839,715.8839,15,2.1e+06,5.4e-03,D+,107131.7086,121096.605,3s2.3p5.(2P*<1/2>).4p,2[3/2],1,3s2.3p5.(2P*<1/2>).6s,2[1/2]*,0,3,1,,T1218n,L2634,NIST
,716.2557,,5.8e+04,1.3e-03,D,107054.2720,121011.9198,3s2.3p5.(2P*<3/2>).4p,2[1/2],0,3s2.3p5.(2P*<1/2>).4d,2[3/2]*,1,1,3,,T1218n,,NIST
720.6980,720.6980,70,2.48e+06,1.16e-02,C,107289.7001,121161.3135,3s2.3p5.(2P*<1/2>).4p,2[3/2],2,3s2.3p5.(2P*<1/2>).6s,2[1/2]*,1,5,3,,T1218n,L2634,NIST
,722.994,,6.6e+04,5.2e-04,D,105617.2700,119444.83,3s2.3p5.(2P*<3/2>).4p,2[5/2],2,3s2.3p5.(2P*<3/2>).4d,2[5/2]*,2,5,5,,T1218n,,NIST
726.5172,726.517,15,1.7e+05,1.3e-03,D,106087.2598,119847.77,3s2.3p5.(2P*<3/2>).4p,2[3/2],1,3s2.3p5.(2P*<3/2>).4d,2[3/2]*,1,3,3,,T1218n,L2634,NIST
727.0664,727.067,7,1.1e+05,8.7e-04,D,105462.7596,119212.87,3s2.3p5.(2P*<3/2>).4p,2[5/2],3,3s2.3p5.(2P*<3/2>).4d,2[7/2]*,3,7,7,,T1218n,L2634,NIST
727.2936,727.2935,2000,1.83e+06,1.45e-02,B+,93750.5978,107496.4166,3s2.3p5.(2P*<3/2>).4s,2[3/2]*,1,3s2.3p5.(2P*<1/2>).4p,2[1/2],1,3,3,,T5223,L2634,NIST
,728.5443,,1.2e+05,5.7e-04,D,107289.7001,121011.9198,3s2.3p5.(2P*<1/2>).4p,2[3/2],2,3s2.3p5.(2P*<1/2>).4d,2[3/2]*,1,5,3,,T1218n,,NIST
731.1716,731.1716,35,1.7e+06,1.4e-02,D+,106087.2598,119760.1725,3s2.3p5.(2P*<3/2>).4p,2[3/2],1,3s2.3p5.(2P*<3/2>).6s,2[3/2]*,1,3,3,,T1218n,L2634,NIST
731.6005,731.6005,25,9.6e+05,7.7e-03,D+,107496.4166,121161.3135,3s2.3p5.(2P*<1/2>).4p,2[1/2],1,3s2.3p5.(2P*<1/2>).6s,2[1/2]*,1,3,3,,T1218n,L2634,NIST
735.0814,735.0814,5,1.2e+06,3.2e-03,D+,107496.4166,121096.605,3s2.3p5.(2P*<1/2>).4p,2[1/2],1,3s2.3p5.(2P*<1/2>).6s,2[1/2]*,0,3,1,,T1218n,L2634,NIST
,735.3175,,2.1e+05,2.8e-03,E,106087.2598,119683.0821,3s2.3p5.(2P*<3/2>).4p,2[3/2],1,3s2.3p5.(2P*<3/2>).6s,2[3/2]*,2,3,5,,T1203,,NIST
735.3293,735.330,70,9.6e+05,1.1e-02,D+,105617.2700,119212.87,3s2.3p5.(2P*<3/2>).4p,2[5/2],2,3s2.3p5.(2P*<3/2>).4d,2[7/2]*,3,5,7,,T1218n,L2634,NIST
737.2118,737.2117,200,1.9e+06,2.0e-02,D+,105462.7596,119023.648,3s2.3p5.(2P*<3/2>).4p,2[5/2],3,3s2.3p5.(2P*<3/2>).4d,2[7/2]*,4,7,9,,T1218n,L2634,NIST
738.3980,738.3980,10000,8.5e+06,1.15e-01,B,93750.5978,107289.7001,3s2.3p5.(2P*<3/2>).4s,2[3/2]*,1,3s2.3p5.(2P*<1/2>).4p,2[3/2],2,3,5,,T5223,L2634,NIST
739.2980,739.2980,20,7.2e+05,3.5e-03,D+,106237.5518,119760.1725,3s2.3p5.(2P*<3/2>).4p,2[3/2],2,3s2.3p5.(2P*<3/2>).6s,2[3/2]*,1,5,3,,T1218n,L2634,NIST
741.2337,741.2337,15,3.9e+05,5.4e-03,D+,107131.7086,120619.0162,3s2.3p5.(2P*<1/2>).4p,2[3/2],1,3s2.3p5.(2P*<1/2>).4d,2[5/2]*,2,3,5,,T1218n,L2634,NIST
,742.2312,,6.6e+04,9.1e-04,D,107131.7086,120600.8905,3s2.3p5.(2P*<1/2>).4p,2[3/2],1,3s2.3p5.(2P*<1/2>).4d,2[3/2]*,2,3,5,,T1218n,,NIST
742.5294,742.5294,10,3.1e+05,3.6e-03,D,107289.7001,120753.4714,3s2.3p5.(2P*<1/2>).4p,2[3/2],2,3s2.3p5.(2P*<1/2>).4d,2[5/2]*,3,5,7,,T1218n,L2634,NIST
743.5368,743.5368,25,9.0e+05,7.5e-03,D+,106237.5518,119683.0821,3s2.3p5.(2P*<3/2>).4p,2[3/2],2,3s2.3p5.(2P*<3/2>).6s,2[3/2]*,2,5,5,,T1218n,L2634,NIST
743.6297,743.6297,10,2.7e+05,1.6e-03,D,105462.7596,118906.6110,3s2.3p5.(2P*<3/2>).4p,2[5/2],3,3s2.3p5.(2P*<3/2>).4d,2[3/2]*,2,7,5,,T1218n,L2634,NIST
,747.1164,,2.20e+04,1.84e-04,B,93750.5978,107131.7086,3s2.3p5.(2P*<3/2>).4s,2[3/2]*,1,3s2.3p5.(2P*<1/2>).4p,2[3/2],1,3,3,,T5223,,NIST
,748.433,,3.4e+05,4.8e-03,D+,106087.2598,119444.83,3s2.3p5.(2P*<3/2>).4p,2[3/2],1,3s2.3p5.(2P*<3/2>).4d,2[5/2]*,2,3,5,,T1218n,,NIST
750.3869,750.3868,20000,4.5e+07,1.25e-01,B,95399.8276,108722.6194,3s2.3p5.(2P*<1/2>).4s,2[1/2]*,1,3s2.3p5.(2P*<1/2>).4p,2[1/2],0,3,1,,T5223,L2634,NIST
,751.0408,,4.5e+05,3.8e-03,D,107289.7001,120600.8905,3s2.3p5.(2P*<1/2>).4p,2[3/2],2,3s2.3p5.(2P*<1/2>).4d,2[3/2]*,2,5,5,,T1164n,,NIST
751.4652,751.4651,15000,4.0e+07,1.14e-01,B,93750.5978,107054.2720,3s2.3p5.(2P*<3/2>).4s,2[3/2]*,1,3s2.3p5.(2P*<3/2>).4p,2[1/2],0,3,1,,T5223,L2634,NIST
,761.8344,,2.9e+05,4.2e-03,D,107496.4166,120619.0162,3s2.3p5.(2P*<1/2>).4p,2[1/2],1,3s2.3p5.(2P*<1/2>).4d,2[5/2]*,2,3,5,,T1218n,,NIST
,762.8882,,2.9e+05,4.2e-03,D,107496.4166,120600.8905,3s2.3p5.(2P*<1/2>).4p,2[1/2],1,3s2.3p5.(2P*<1/2>).4d,2[3/2]*,2,3,5,,T1218n,,NIST
763.5106,763.5105,25000,2.45e+07,2.14e-01,B,93143.7600,106237.5518,3s2.3p5.(2P*<3/2>).4s,2[3/2]*,2,3s2.3p5.(2P*<3/2>).4p,2[3/2],2,5,5,,T5223,L2634,NIST
,767.0057,,2.8e+05,1.5e-03,D,105617.2700,118651.3950,3s2.3p5.(2P*<3/2>).4p,2[5/2],2,3s2.3p5.(2P*<3/2>).4d,2[1/2]*,1,5,3,,T1218n,,NIST
,770.482,,6.3e+04,7.9e-04,D,106237.5518,119212.87,3s2.3p5.(2P*<3/2>).4p,2[3/2],2,3s2.3p5.(2P*<3/2>).4d,2[7/2]*,3,5,7,,T1218n,,NIST
772.3761,772.3760,15000,5.2e+06,2.78e-02,B+,93143.7600,106087.2598,3s2.3p5.(2P*<3/2>).4s,2[3/2]*,2,3s2.3p5.(2P*<3/2>).4p,2[3/2],1,5,3,,T5223,L2634,NIST
772.4207,772.4207,10000,1.17e+07,3.14e-01,B+,94553.6652,107496.4166,3s2.3p5.(2P*<1/2>).4s,2[1/2]*,0,3s2.3p5.(2P*<1/2>).4p,2[1/2],1,1,3,,T5223,L2634,NIST
,779.8561,,8.7e+04,1.3e-03,D+,106087.2598,118906.6110,3s2.3p5.(2P*<3/2>).4p,2[3/2],1,3s2.3p5.(2P*<3/2>).4d,2[3/2]*,2,3,5,,T1218n,,NIST
,786.8194,,3.50e+05,9.75e-03,C,107054.2720,119760.1725,3s2.3p5.(2P*<3/2>).4p,2[1/2],0,3s2.3p5.(2P*<3/2>).6s,2[3/2]*,1,1,3,,T1218n,,NIST
789.1075,789.1075,10,9.5e+05,8.9e-03,C,106237.5518,118906.6110,3s2.3p5.(2P*<3/2>).4p,2[3/2],2,3s2.3p5.(2P*<3/2>).4d,2[3/2]*,2,5,5,,T1218n,L2634,NIST
,791.6442,,1.2e+05,1.1e-03,D+,107131.7086,119760.1725,3s2.3p5.(2P*<1/2>).4p,2[3/2],1,3s2.3p5.(2P*<3/2>).6s,2[3/2]*,1,3,3,,T1218n,,NIST
794.8176,794.8176,20000,1.86e+07,5.3e-01,B,94553.6652,107131.7086,3s2.3p5.(2P*<1/2>).4s,2[1/2]*,0,3s2.3p5.(2P*<1/2>).4p,2[3/2],1,1,3,,T5223,L2634,NIST
,796.5065,,3.4e+04,5.4e-04,E,107131.7086,119683.0821,3s2.3p5.(2P*<1/2>).4p,2[3/2],1,3s2.3p5.(2P*<3/2>).6s,2[3/2]*,2,3,5,,T1203,,NIST
800.6157,800.6156,20000,4.9e+06,7.9e-02,C+,93750.5978,106237.5518,3s2.3p5.(2P*<3/2>).4s,2[3/2]*,1,3s2.3p5.(2P*<3/2>).4p,2[3/2],2,3,5,,T5223,L2634,NIST
801.4786,801.4785,25000,9.3e+06,8.9e-02,B,93143.7600,105617.2700,3s2.3p5.(2P*<3/2>).4s,2[3/2]*,2,3s2.3p5.(2P*<3/2>).4p,2[5/2],2,5,5,,T5223,L2634,NIST
,801.6738,,4.2e+03,2.4e-05,E,107289.7001,119760.1725,3s2.3p5.(2P*<1/2>).4p,2[3/2],2,3s2.3p5.(2P*<3/2>).6s,2[3/2]*,1,5,3,,T1203,,NIST
,803.7219,,3.59e+05,1.04e-02,C,108722.6194,121161.3135,3s2.3p5.(2P*<1/2>).4p,2[1/2],0,3s2.3p5.(2P*<1/2>).6s,2[1/2]*,1,1,3,,T1218n,,NIST
,804.6118,,1.12e+06,3.63e-03,C,106087.2598,118512.197,3s2.3p5.(2P*<3/2>).4p,2[3/2],1,3s2.3p5.(2P*<3/2>).4d,2[1/2]*,0,3,1,,T1218n,,NIST
805.3308,805.3308,7,8.6e+05,5.0e-03,C,106237.5518,118651.3950,3s2.3p5.(2P*<3/2>).4p,2[3/2],2,3s2.3p5.(2P*<3/2>).4d,2[1/2]*,1,5,3,,T1218n,L2634,NIST
,806.6604,,1.4e+05,1.4e-03,D+,107289.7001,119683.0821,3s2.3p5.(2P*<1/2>).4p,2[3/2],2,3s2.3p5.(2P*<3/2>).6s,2[3/2]*,2,5,5,,T1218n,,NIST
810.3693,810.3692,20000,2.50e+07,2.46e-01,B+,93750.5978,106087.2598,3s2.3p5.(2P*<3/2>).4s,2[3/2]*,1,3s2.3p5.(2P*<3/2>).4p,2[3/2],1,3,3,,T5223,L2634,NIST
811.5311,811.5311,35000,3.3e+07,4.6e-01,B,93143.7600,105462.7596,3s2.3p5.(2P*<3/2>).4s,2[3/2]*,2,3s2.3p5.(2P*<3/2>).4p,2[5/2],3,5,7,,T5223,L2634,NIST
,815.1868,,3.3e+04,3.3e-04,E,107496.4166,119760.1725,3s2.3p5.(2P*<1/2>).4p,2[1/2],1,3s2.3p5.(2P*<3/2>).6s,2[3/2]*,1,3,3,,T1203,,NIST
,820.3435,,1.6e+05,2.7e-03,E,107496.4166,119683.0821,3s2.3p5.(2P*<1/2>).4p,2[1/2],1,3s2.3p5.(2P*<3/2>).6s,2[3/2]*,2,3,5,,T1203,,NIST
826.4522,826.4521,10000,1.53e+07,1.57e-01,B+,95399.8276,107496.4166,3s2.3p5.(2P*<1/2>).4s,2[1/2]*,1,3s2.3p5.(2P*<1/2>).4p,2[1/2],1,3,3,,T5223,L2634,NIST
,838.473,,2.4e+05,3.5e-03,D,107289.7001,119212.87,3s2.3p5.(2P*<1/2>).4p,2[3/2],2,3s2.3p5.(2P*<3/2>).4d,2[7/2]*,3,5,7,,T1218n,,NIST
840.8210,840.8209,15000,2.23e+07,3.94e-01,B+,95399.8276,107289.7001,3s2.3p5.(2P*<1/2>).4s,2[1/2]*,1,3s2.3p5.(2P*<1/2>).4p,2[3/2],2,3,5,,T5223,L2634,NIST
842.4648,842.4647,20000,2.15e+07,3.81e-01,B+,93750.5978,105617.2700,3s2.3p5.(2P*<3/2>).4s,2[3/2]*,1,3s2.3p5.(2P*<3/2>).4p,2[5/2],2,3,5,,T5223,L2634,NIST
,849.0307,,9.6e+04,1.7e-03,D,107131.7086,118906.6110,3s2.3p5.(2P*<1/2>).4p,2[3/2],1,3s2.3p5.(2P*<3/2>).4d,2[3/2]*,2,3,5,,T1218n,,NIST
852.1442,852.1441,15000,1.39e+07,1.51e-01,B,95399.8276,107131.7086,3s2.3p5.(2P*<1/2>).4s,2[1/2]*,1,3s2.3p5.(2P*<1/2>).4p,2[3/2],1,3,3,,T5223,L2634,NIST
860.5776,860.5776,7,1.04e+06,1.16e-02,C,107289.7001,118906.6110,3s2.3p5.(2P*<1/2>).4p,2[3/2],2,3s2.3p5.(2P*<3/2>).4d,2[3/2]*,2,5,5,,T1218n,L2634,NIST
,862.0460,,9.2e+05,3.1e-02,C,107054.2720,118651.3950,3s2.3p5.(2P*<3/2>).4p,2[1/2],0,3s2.3p5.(2P*<3/2>).4d,2[1/2]*,1,1,3,,T1218n,,NIST
866.7944,866.7943,4500,2.43e+06,8.2e-02,B,94553.6652,106087.2598,3s2.3p5.(2P*<1/2>).4s,2[1/2]*,0,3s2.3p5.(2P*<3/2>).4p,2[3/2],1,1,3,,T5223,L2634,NIST
,876.1686,,9.5e+05,1.8e-02,D+,107496.4166,118906.6110,3s2.3p5.(2P*<1/2>).4p,2[1/2],1,3s2.3p5.(2P*<3/2>).4d,2[3/2]*,2,3,5,,T1218n,,NIST
,878.4557,,2.4e+05,9.3e-04,D,107131.7086,118512.197,3s2.3p5.(2P*<1/2>).4p,2[3/2],1,3s2.3p5.(2P*<3/2>).4d,2[1/2]*,0,3,1,,T1218n,,NIST
,879.9087,,4.6e+05,3.2e-03,D+,107289.7001,118651.3950,3s2.3p5.(2P*<1/2>).4p,2[3/2],2,3s2.3p5.(2P*<3/2>).4d,2[1/2]*,1,5,3,,T1218n,,NIST
,896.2147,,1.6e+05,1.9e-03,D+,107496.4166,118651.3950,3s2.3p5.(2P*<1/2>).4p,2[1/2],1,3s2.3p5.(2P*<3/2>).4d,2[1/2]*,1,3,3,,T1218n,,NIST
,905.7493,,9.7e+04,3.6e-03,E,108722.6194,119760.1725,3s2.3p5.(2P*<1/2>).4p,2[1/2],0,3s2.3p5.(2P*<3/2>).6s,2[3/2]*,1,1,3,,T1203,,NIST
907.5394,907.5395,20,1.2e+06,4.9e-03,D,107496.4166,118512.197,3s2.3p5.(2P*<1/2>).4p,2[1/2],1,3s2.3p5.(2P*<3/2>).4d,2[1/2]*,0,3,1,,T1218n,L2634,NIST
912.2967,912.2967,35000,1.89e+07,1.42e-01,B,93143.7600,104102.0990,3s2.3p5.(2P*<3/2>).4s,2[3/2]*,2,3s2.3p5.(2P*<3/2>).4p,2[1/2],1,5,3,,T5223,L2634,NIST
919.4638,919.4638,550,1.76e+06,2.23e-02,C,104102.0990,114975.019,3s2.3p5.(2P*<3/2>).4p,2[1/2],1,3s2.3p5.(2P*<1/2>).5s,2[1/2]*,1,3,3,,T1618n,L2634,NIST
922.4499,922.4498,15000,5.0e+06,1.07e-01,B,95399.8276,106237.5518,3s2.3p5.(2P*<1/2>).4s,2[1/2]*,1,3s2.3p5.(2P*<3/2>).4p,2[3/2],2,3,5,,T5223,L2634,NIST
929.1531,929.1532,400,3.26e+06,1.41e-02,C,104102.0990,114861.635,3s2.3p5.(2P*<3/2>).4p,2[1/2],1,3s2.3p5.(2P*<1/2>).5s,2[1/2]*,0,3,1,,T1618n,L2634,NIST
935.4220,935.4218,1600,1.06e+06,1.39e-02,B,95399.8276,106087.2598,3s2.3p5.(2P*<1/2>).4s,2[1/2]*,1,3s2.3p5.(2P*<3/2>).4p,2[3/2],1,3,3,,T5223,L2634,NIST
965.7786,965.7786,25000,5.4e+06,7.6e-02,B,93750.5978,104102.0990,3s2.3p5.(2P*<3/2>).4s,2[3/2]*,1,3s2.3p5.(2P*<3/2>).4p,2[1/2],1,3,3,,T5223,L2634,NIST
978.4503,978.4502,4500,1.47e+06,3.5e-02,B,95399.8276,105617.2700,3s2.3p5.(2P*<1/2>).4s,2[1/2]*,1,3s2.3p5.(2P*<3/2>).4p,2[5/2],2,3,5,,T5223,L2634,NIST
1047.0054,1047.0053,1600,9.8e+05,4.8e-02,C+,94553.6652,104102.0990,3s2.3p5.(2P*<1/2>).4s,2[1/2]*,0,3s2.3p5.(2P*<3/2>).4p,2[1/2],1,1,3,,T5223,L2634,NIST
1047.8034,1047.8034,13,2.44e+06,4.02e-02,C,104102.0990,113643.260,3s2.3p5.(2P*<3/2>).4p,2[1/2],1,3s2.3p5.(2P*<3/2>).5s,2[3/2]*,1,3,3,,T1618n,L2634,NIST
,1050.6118,,1.58e+06,2.62e-02,C,112138.924,121654.580,3s2.3p5.(2P*<3/2>).3d,2[3/2]*,2,3s2.3p5.(2P*<1/2>).4f,2[5/2],2,5,5,,T1618n,,NIST
1050.650,1050.6500,180,1.58e+06,3.66e-02,C,112138.924,121654.234,3s2.3p5.(2P*<3/2>).3d,2[3/2]*,2,3s2.3p5.(2P*<1/2>).4f,2[5/2],3,5,7,,T1618n,L2131,NIST
1067.3565,1067.3566,200,4.9e+06,1.4e-01,D,104102.0990,113468.473,3s2.3p5.(2P*<3/2>).4p,2[1/2],1,3s2.3p5.(2P*<3/2>).5s,2[3/2]*,2,3,5,,T1372,L2634,NIST
,1068.3404,,2.1e+05,2.2e-03,E,105617.2700,114975.019,3s2.3p5.(2P*<3/2>).4p,2[5/2],2,3s2.3p5.(2P*<1/2>).5s,2[1/2]*,1,5,3,,T1372,,NIST
,1095.0726,,3.96e+05,4.27e-03,C,106237.5518,115366.866,3s2.3p5.(2P*<3/2>).4p,2[3/2],2,3s2.3p5.(2P*<1/2>).3d,2[3/2]*,1,5,3,,T1618n,,NIST
1107.8869,1107.8868,11,8.3e+05,1.5e-02,C,105617.2700,114640.992,3s2.3p5.(2P*<3/2>).4p,2[5/2],2,3s2.3p5.(2P*<1/2>).3d,2[5/2]*,2,5,5,,T1618n,L2634,NIST
,1124.8350,,2.8e+05,5.3e-03,E,106087.2598,114975.019,3s2.3p5.(2P*<3/2>).4p,2[3/2],1,3s2.3p5.(2P*<1/2>).5s,2[1/2]*,1,3,3,,T1372,,NIST
,1139.3703,,2.22e+06,1.44e-02,C,106087.2598,114861.635,3s2.3p5.(2P*<3/2>).4p,2[3/2],1,3s2.3p5.(2P*<1/2>).5s,2[1/2]*,0,3,1,,T1618n,,NIST
1144.1832,1144.1832,12,1.39e+06,1.64e-02,C,106237.5518,114975.019,3s2.3p5.(2P*<3/2>).4p,2[3/2],2,3s2.3p5.(2P*<1/2>).5s,2[1/2]*,1,5,3,,T1618n,L2634,NIST
,1146.7545,,3.69e+05,1.21e-02,C,106087.2598,114805.135,3s2.3p5.(2P*<3/2>).4p,2[3/2],1,3s2.3p5.(2P*<1/2>).3d,2[3/2]*,2,3,5,,T1618n,,NIST
1148.8109,1148.8108,400,1.9e+05,3.8e-03,C,95399.8276,104102.0990,3s2.3p5.(2P*<1/2>).4s,2[1/2]*,1,3s2.3p5.(2P*<3/2>).4p,2[1/2],1,3,3,,T1242n,L2634,NIST
,1158.0389,,3.46e+05,8.95e-03,C,113020.355,121653.280,3s2.3p5.(2P*<3/2>).3d,2[7/2]*,3,3s2.3p5.(2P*<1/2>).4f,2[7/2],4,7,9,,T1618n,,NIST
,1158.0446,,3.46e+05,6.96e-03,C,113020.355,121653.238,3s2.3p5.(2P*<3/2>).3d,2[7/2]*,3,3s2.3p5.(2P*<1/2>).4f,2[7/2],3,7,7,,T1618n,,NIST
1166.8710,1166.8709,200,3.76e+06,7.68e-02,C,106237.5518,114805.135,3s2.3p5.(2P*<3/2>).4p,2[3/2],2,3s2.3p5.(2P*<1/2>).3d,2[3/2]*,2,5,5,,T1618n,L2634,NIST
1171.9488,1171.9487,12,9.52e+05,1.18e-02,C,105617.2700,114147.732,3s2.3p5.(2P*<3/2>).4p,2[5/2],2,3s2.3p5.(2P*<3/2>).3d,2[3/2]*,1,5,3,,T1618n,L2634,NIST
,1173.3236,,6.7e+05,4.2e-02,C,111667.766,120188.232,3s2.3p5.(2P*<3/2>).3d,2[1/2]*,0,3s2.3p5.(2P*<3/2>).4f,2[3/2],1,1,3,,T1618n,,NIST
,1194.3302,,4.6e+06,1.6e-01,D+,111818.028,120188.631,3s2.3p5.(2P*<3/2>).3d,2[1/2]*,1,3s2.3p5.(2P*<3/2>).4f,2[3/2],2,3,5,,T1618n,,NIST
,1194.3871,,4.6e+06,9.8e-02,D+,111818.028,120188.232,3s2.3p5.(2P*<3/2>).3d,2[1/2]*,1,3s2.3p5.(2P*<3/2>).4f,2[3/2],1,3,3,,T1618n,,NIST
,1202.6648,,4.2e+05,2.7e-02,D,107054.2720,115366.866,3s2.3p5.(2P*<3/2>).4p,2[1/2],0,3s2.3p5.(2P*<1/2>).3d,2[3/2]*,1,1,3,,T1618n,,NIST
1211.2326,1211.2324,200,3.1e+06,6.8e-02,D,105462.7596,113716.555,3s2.3p5.(2P*<3/2>).4p,2[5/2],3,3s2.3p5.(2P*<3/2>).3d,2[5/2]*,3,7,7,,T1618n,L2634,NIST
1213.9738,1213.9737,50,4.5e+06,9.9e-02,D,107131.7086,115366.866,3s2.3p5.(2P*<1/2>).4p,2[3/2],1,3s2.3p5.(2P*<1/2>).3d,2[3/2]*,1,3,3,,T1618n,L2634,NIST
1234.3393,1234.3392,50,2.0e+06,6.4e-02,D,105617.2700,113716.555,3s2.3p5.(2P*<3/2>).4p,2[5/2],2,3s2.3p5.(2P*<3/2>).3d,2[5/2]*,3,5,7,,T1618n,L2634,NIST
,1235.5819,,3.5e+06,8.0e-02,D,112138.924,120230.063,3s2.3p5.(2P*<3/2>).3d,2[3/2]*,2,3s2.3p5.(2P*<3/2>).4f,2[5/2],2,5,5,,T1618n,,NIST
,1235.6297,,3.5e+06,1.1e-01,D,112138.924,120229.750,3s2.3p5.(2P*<3/2>).3d,2[3/2]*,2,3s2.3p5.(2P*<3/2>).4f,2[5/2],3,5,7,,T1618n,,NIST
1240.2827,1240.2828,200,1.1e+07,2.5e-01,D,106087.2598,114147.732,3s2.3p5.(2P*<3/2>).4p,2[3/2],1,3s2.3p5.(2P*<3/2>).3d,2[3/2]*,1,3,3,,T1618n,L2634,NIST
1243.9321,1243.9321,200,4.9e+06,1.9e-01,D,104102.0990,112138.924,3s2.3p5.(2P*<3/2>).4p,2[1/2],1,3s2.3p5.(2P*<3/2>).3d,2[3/2]*,2,3,5,,T1618n,L2634,NIST
1245.612,1245.6114,100,8.9e+06,1.2e-01,D,105617.2700,113643.260,3s2.3p5.(2P*<3/2>).4p,2[5/2],2,3s2.3p5.(2P*<3/2>).5s,2[3/2]*,1,5,3,,T1618n,L2634,NIST
1248.7663,1248.7663,200,1.1e+07,1.8e-01,D,105462.7596,113468.473,3s2.3p5.(2P*<3/2>).4p,2[5/2],3,3s2.3p5.(2P*<3/2>).5s,2[3/2]*,2,7,5,,T1618n,L2634,NIST
,1255.4324,,1.2e+05,2.0e-03,D,105462.7596,113425.964,3s2.3p5.(2P*<3/2>).4p,2[5/2],3,3s2.3p5.(2P*<3/2>).3d,2[5/2]*,2,7,5,,T1618n,,NIST
,1262.1619,,3.8e+05,2.7e-02,E,107054.2720,114975.019,3s2.3p5.(2P*<3/2>).4p,2[1/2],0,3s2.3p5.(2P*<1/2>).5s,2[1/2]*,1,1,3,,T1372,,NIST
1270.2281,1270.2280,150,7.1e+06,1.7e-01,D,107496.4166,115366.866,3s2.3p5.(2P*<1/2>).4p,2[1/2],1,3s2.3p5.(2P*<1/2>).3d,2[3/2]*,1,3,3,,T1618n,L2634,NIST
1273.3418,1273.3418,30,1.1e+06,2.7e-02,D,105617.2700,113468.473,3s2.3p5.(2P*<3/2>).4p,2[5/2],2,3s2.3p5.(2P*<3/2>).5s,2[3/2]*,2,5,5,,T1618n,L2634,NIST
1274.6232,1274.6232,12,2.0e+06,4.9e-02,D,107131.7086,114975.019,3s2.3p5.(2P*<1/2>).4p,2[3/2],1,3s2.3p5.(2P*<1/2>).5s,2[1/2]*,1,3,3,,T1618n,L2634,NIST
1280.2739,1280.2737,200,5.7e+06,1.4e-01,D,105617.2700,113425.964,3s2.3p5.(2P*<3/2>).4p,2[5/2],2,3s2.3p5.(2P*<3/2>).3d,2[5/2]*,2,5,5,,T1618n,L2634,NIST
1293.3195,1293.3196,50,1.0e+07,8.4e-02,D,107131.7086,114861.635,3s2.3p5.(2P*<1/2>).4p,2[3/2],1,3s2.3p5.(2P*<1/2>).5s,2[1/2]*,0,3,1,,T1618n,L2634,NIST
1295.6659,1295.6658,500,7.4e+06,1.9e-01,D,104102.0990,111818.028,3s2.3p5.(2P*<3/2>).4p,2[1/2],1,3s2.3p5.(2P*<3/2>).3d,2[1/2]*,1,3,3,,T1618n,L2634,NIST
1300.8264,1300.8264,200,8.9e+06,1.4e-01,D,107289.7001,114975.019,3s2.3p5.(2P*<1/2>).4p,2[3/2],2,3s2.3p5.(2P*<1/2>).5s,2[1/2]*,1,5,3,,T1618n,L2634,NIST
1321.399,1321.3991,200,8.1e+06,7.1e-02,D,104102.0990,111667.766,3s2.3p5.(2P*<3/2>).4p,2[1/2],1,3s2.3p5.(2P*<3/2>).3d,2[1/2]*,0,3,1,,T1618n,L2634,NIST
1323.090,1323.0897,100,4.6e+06,1.2e-01,D,106087.2598,113643.260,3s2.3p5.(2P*<3/2>).4p,2[3/2],1,3s2.3p5.(2P*<3/2>).5s,2[3/2]*,1,3,3,,T1372,L2634,NIST
1327.264,1327.2635,500,1.5e+07,5.5e-01,D,107289.7001,114821.939,3s2.3p5.(2P*<1/2>).4p,2[3/2],2,3s2.3p5.(2P*<1/2>).3d,2[5/2]*,3,5,7,,T1618n,L2634,NIST
1331.3210,1331.3209,1000,1.3e+07,5.8e-01,D,107131.7086,114640.992,3s2.3p5.(2P*<1/2>).4p,2[3/2],1,3s2.3p5.(2P*<1/2>).3d,2[5/2]*,2,3,5,,T1618n,L2634,NIST
,1336.7827,,3.4e+06,9.1e-02,D,107496.4166,114975.019,3s2.3p5.(2P*<1/2>).4p,2[1/2],1,3s2.3p5.(2P*<1/2>).5s,2[1/2]*,1,3,3,,T1372,,NIST
,1340.6513,,6.5e+06,1.8e-01,D,112750.153,120207.175,3s2.3p5.(2P*<3/2>).3d,2[7/2]*,4,3s2.3p5.(2P*<3/2>).4f,2[9/2],4,9,9,,T1618n,,NIST
,1340.6587,,6.5e+06,2.1e-01,D,112750.153,120207.134,3s2.3p5.(2P*<3/2>).3d,2[7/2]*,4,3s2.3p5.(2P*<3/2>).4f,2[9/2],5,9,11,,T1618n,,NIST
1349.941,1349.9406,30,2.7e+06,4.4e-02,D,106237.5518,113643.260,3s2.3p5.(2P*<3/2>).4p,2[3/2],2,3s2.3p5.(2P*<3/2>).5s,2[3/2]*,1,5,3,,T1372,L2634,NIST
1350.4191,1350.4189,1000,1.1e+07,4.2e-01,D,105617.2700,113020.355,3s2.3p5.(2P*<3/2>).4p,2[5/2],2,3s2.3p5.(2P*<3/2>).3d,2[7/2]*,3,5,7,,T1618n,L2634,NIST
,1354.4205,,4.6e+05,2.1e-02,E,106087.2598,113468.473,3s2.3p5.(2P*<3/2>).4p,2[3/2],1,3s2.3p5.(2P*<3/2>).5s,2[3/2]*,2,3,5,,T1372,,NIST
1357.3617,1357.3618,11,5.1e+06,4.7e-02,D,107496.4166,114861.635,3s2.3p5.(2P*<1/2>).4p,2[1/2],1,3s2.3p5.(2P*<1/2>).5s,2[1/2]*,0,3,1,,T1372,L2634,NIST
1359.9333,1359.9333,30,2.2e+06,6.1e-02,D,107289.7001,114640.992,3s2.3p5.(2P*<1/2>).4p,2[3/2],2,3s2.3p5.(2P*<1/2>).3d,2[5/2]*,2,5,5,,T1618n,L2634,NIST
1362.2659,1362.2659,400,7.3e+06,3.4e-01,D,106087.2598,113425.964,3s2.3p5.(2P*<3/2>).4p,2[3/2],1,3s2.3p5.(2P*<3/2>).3d,2[5/2]*,2,3,5,,T1618n,L2634,NIST
1367.8550,1367.8549,200,6.2e+06,2.9e-01,D,107496.4166,114805.135,3s2.3p5.(2P*<1/2>).4p,2[1/2],1,3s2.3p5.(2P*<1/2>).3d,2[3/2]*,2,3,5,,T1618n,L2634,NIST
1382.5715,1382.5716,10,3.3e+06,9.5e-02,D,106237.5518,113468.473,3s2.3p5.(2P*<3/2>).4p,2[3/2],2,3s2.3p5.(2P*<3/2>).5s,2[3/2]*,2,5,5,,T1372,L2634,NIST
1409.3640,1409.3640,200,4.3e+06,3.8e-01,D,107054.2720,114147.732,3s2.3p5.(2P*<3/2>).4p,2[1/2],0,3s2.3p5.(2P*<3/2>).3d,2[3/2]*,1,1,3,,T1618n,L2634,NIST
,1459.5734,,5.3e+06,1.7e-01,D,114805.135,121654.580,3s2.3p5.(2P*<1/2>).3d,2[3/2]*,2,3s2.3p5.(2P*<1/2>).4f,2[5/2],2,5,5,,T1618n,,NIST
,1459.6471,,5.3e+06,2.4e-01,D,114805.135,121654.234,3s2.3p5.(2P*<1/2>).3d,2[3/2]*,2,3s2.3p5.(2P*<1/2>).4f,2[5/2],3,5,7,,T1618n,,NIST
,1463.4414,,9.0e+06,3.7e-01,D,114821.939,121653.280,3s2.3p5.(2P*<1/2>).3d,2[5/2]*,3,3s2.3p5.(2P*<1/2>).4f,2[7/2],4,7,9,,T1618n,,NIST
,1463.4504,,9.0e+06,2.9e-01,D,114821.939,121653.238,3s2.3p5.(2P*<1/2>).3d,2[5/2]*,3,3s2.3p5.(2P*<1/2>).4f,2[7/2],3,7,7,,T1618n,,NIST
,1473.9139,,8.8e+04,4.0e-03,D,106237.5518,113020.355,3s2.3p5.(2P*<3/2>).4p,2[3/2],2,3s2.3p5.(2P*<3/2>).3d,2[7/2]*,3,5,7,,T1618n,,NIST
,1478.5380,,2.1e+05,6.9e-03,D,113468.473,120230.063,3s2.3p5.(2P*<3/2>).5s,2[3/2]*,2,3s2.3p5.(2P*<3/2>).4f,2[5/2],2,5,5,,T1618n,,NIST
,1478.6064,,2.1e+05,9.6e-03,D,113468.473,120229.750,3s2.3p5.(2P*<3/2>).5s,2[3/2]*,2,3s2.3p5.(2P*<3/2>).4f,2[5/2],3,5,7,,T1618n,,NIST
,1487.6537,,6.0e+04,2.0e-03,D,113468.473,120188.631,3s2.3p5.(2P*<3/2>).5s,2[3/2]*,2,3s2.3p5.(2P*<3/2>).4f,2[3/2],2,5,5,,T1618n,,NIST
,1487.7420,,6.0e+04,1.2e-03,D,113468.473,120188.232,3s2.3p5.(2P*<3/2>).5s,2[3/2]*,2,3s2.3p5.(2P*<3/2>).4f,2[3/2],1,5,3,,T1618n,,NIST
1504.650,1504.6503,100,5.2e+06,5.3e-01,D,108722.6194,115366.866,3s2.3p5.(2P*<1/2>).4p,2[1/2],0,3s2.3p5.(2P*<1/2>).3d,2[3/2]*,1,1,3,,T1618n,L2634,NIST
1517.269,1517.2691,25,1.3e+06,1.3e-01,D,107054.2720,113643.260,3s2.3p5.(2P*<3/2>).4p,2[1/2],0,3s2.3p5.(2P*<3/2>).5s,2[3/2]*,1,1,3,,T1618n,L2634,NIST
,1530.1881,,5.4e+06,2.4e-01,D,113716.555,120249.914,3s2.3p5.(2P*<3/2>).3d,2[5/2]*,3,3s2.3p5.(2P*<3/2>).4f,2[7/2],4,7,9,,T1618n,,NIST
,1530.1970,,5.4e+06,1.9e-01,D,113716.555,120249.876,3s2.3p5.(2P*<3/2>).3d,2[5/2]*,3,3s2.3p5.(2P*<3/2>).4f,2[7/2],3,7,7,,T1618n,,NIST
1532.934,1532.9345,10,1.2e+05,4.2e-03,E,105617.2700,112138.924,3s2.3p5.(2P*<3/2>).4p,2[5/2],2,3s2.3p5.(2P*<3/2>).3d,2[3/2]*,2,5,5,,T1618n,L2634,NIST
,1535.3128,,4.5e+05,1.6e-02,E,107131.7086,113643.260,3s2.3p5.(2P*<1/2>).4p,2[3/2],1,3s2.3p5.(2P*<3/2>).5s,2[3/2]*,1,3,3,,T1372,,NIST
,1540.2640,,1.4e+06,6.4e-02,D,113716.555,120207.175,3s2.3p5.(2P*<3/2>).3d,2[5/2]*,3,3s2.3p5.(2P*<3/2>).4f,2[9/2],4,7,9,,T1618n,,NIST
,1555.5460,,9.8e+03,5.0e-04,D,107289.7001,113716.555,3s2.3p5.(2P*<1/2>).4p,2[3/2],2,3s2.3p5.(2P*<3/2>).3d,2[5/2]*,3,5,7,,T1618n,,NIST
,1573.4909,,2.9e+04,6.5e-04,D,107289.7001,113643.260,3s2.3p5.(2P*<1/2>).4p,2[3/2],2,3s2.3p5.(2P*<3/2>).5s,2[3/2]*,1,5,3,,T1618n,,NIST
,1577.6614,,5.9e+04,3.7e-03,E,107131.7086,113468.473,3s2.3p5.(2P*<1/2>).4p,2[3/2],1,3s2.3p5.(2P*<3/2>).5s,2[3/2]*,2,3,5,,T1372,,NIST
,1581.6777,,8.7e+04,2.0e-03,E,112138.924,118459.5975,3s2.3p5.(2P*<3/2>).3d,2[3/2]*,2,3s2.3p5.(2P*<1/2>).5p,2[1/2],1,5,3,,T1618n,,NIST
,1589.9687,,7.7e+06,4.9e-01,D,115366.866,121654.580,3s2.3p5.(2P*<1/2>).3d,2[3/2]*,1,3s2.3p5.(2P*<1/2>).4f,2[5/2],2,3,5,,T1618n,,NIST
1598.949,1598.9491,30,1.9e+06,2.2e-01,D,108722.6194,114975.019,3s2.3p5.(2P*<1/2>).4p,2[1/2],0,3s2.3p5.(2P*<1/2>).5s,2[1/2]*,1,1,3,,T1618n,L2634,NIST
,1612.2656,,3.9e+04,9.1e-04,D,105617.2700,111818.028,3s2.3p5.(2P*<3/2>).4p,2[5/2],2,3s2.3p5.(2P*<3/2>).3d,2[1/2]*,1,5,3,,T1618n,,NIST
,1618.0023,,1.2e+05,4.7e-03,D,107289.7001,113468.473,3s2.3p5.(2P*<1/2>).4p,2[3/2],2,3s2.3p5.(2P*<3/2>).5s,2[3/2]*,2,5,5,,T1618n,,NIST
,1626.4070,,3.0e+04,1.2e-03,D,107496.4166,113643.260,3s2.3p5.(2P*<1/2>).4p,2[1/2],1,3s2.3p5.(2P*<3/2>).5s,2[3/2]*,1,3,3,,T1618n,,NIST
,1643.6575,,5.9e+06,4.0e-01,D,114147.732,120230.063,3s2.3p5.(2P*<3/2>).3d,2[3/2]*,1,3s2.3p5.(2P*<3/2>).4f,2[5/2],2,3,5,,T1618n,,NIST
1651.986,1651.9867,30,2.6e+05,1.8e-02,D,106087.2598,112138.924,3s2.3p5.(2P*<3/2>).4p,2[3/2],1,3s2.3p5.(2P*<3/2>).3d,2[3/2]*,2,3,5,,T1618n,L2634,NIST
,1654.9307,,1.6e+06,1.1e-01,D,114147.732,120188.631,3s2.3p5.(2P*<3/2>).3d,2[3/2]*,1,3s2.3p5.(2P*<3/2>).4f,2[3/2],2,3,5,,T1618n,,NIST
,1655.0400,,1.6e+06,6.6e-02,D,114147.732,120188.232,3s2.3p5.(2P*<3/2>).3d,2[3/2]*,1,3s2.3p5.(2P*<3/2>).4f,2[3/2],1,3,3,,T1618n,,NIST
,1674.0078,,3.1e+05,2.2e-02,D,107496.4166,113468.473,3s2.3p5.(2P*<1/2>).4p,2[1/2],1,3s2.3p5.(2P*<3/2>).5s,2[3/2]*,2,3,5,,T1618n,,NIST
1694.058,1694.0584,500,2.5e+06,1.1e-01,D,106237.5518,112138.924,3s2.3p5.(2P*<3/2>).4p,2[3/2],2,3s2.3p5.(2P*<3/2>).3d,2[3/2]*,2,5,5,,T1618n,L2634,NIST
,1782.399,,8.4e+05,5.6e-02,E,114640.992,120249.876,3s2.3p5.(2P*<1/2>).3d,2[5/2]*,2,3s2.3p5.(2P*<3/2>).4f,2[7/2],3,5,7,,T1618n,,NIST
,2032.256,,1.6e+05,3.0e-02,D,108722.6194,113643.260,3s2.3p5.(2P*<1/2>).4p,2[1/2],0,3s2.3p5.(2P*<3/2>).5s,2[3/2]*,1,1,3,,T1618n,,NIST
2062.186,2062.186,50,3.9e+05,2.5e-02,D,107289.7001,112138.924,3s2.3p5.(2P*<1/2>).4p,2[3/2],2,3s2.3p5.(2P*<3/2>).3d,2[3/2]*,2,5,5,,T1618n,L2634,NIST
,2081.672,,7.6e+04,6.9e-03,D,112138.924,116942.7542,3s2.3p5.(2P*<3/2>).3d,2[3/2]*,2,3s2.3p5.(2P*<3/2>).5p,2[5/2],3,5,7,,T1618n,,NIST
,2133.871,,3.2e+04,2.2e-03,D,107131.7086,111818.028,3s2.3p5.(2P*<1/2>).4p,2[3/2],1,3s2.3p5.(2P*<3/2>).3d,2[1/2]*,1,3,3,,T1618n,,NIST
,2154.008,,1.1e+05,1.3e-02,D,107496.4166,112138.924,3s2.3p5.(2P*<1/2>).4p,2[1/2],1,3s2.3p5.(2P*<3/2>).3d,2[3/2]*,2,3,5,,T1618n,,NIST
,2204.558,,1.2e+05,2.9e-03,D,107131.7086,111667.766,3s2.3p5.(2P*<1/2>).4p,2[3/2],1,3s2.3p5.(2P*<3/2>).3d,2[1/2]*,0,3,1,,T1618n,,NIST
,2208.321,,1.4e+05,6.1e-03,D,107289.7001,111818.028,3s2.3p5.(2P*<1/2>).4p,2[3/2],2,3s2.3p5.(2P*<3/2>).3d,2[1/2]*,1,5,3,,T1618n,,NIST
2313.951,2313.952,20,1.7e+05,1.4e-02,D,107496.4166,111818.028,3s2.3p5.(2P*<1/2>).4p,2[1/2],1,3s2.3p5.(2P*<3/2>).3d,2[1/2]*,1,3,3,,T1618n,L2634,NIST
,2385.154,,1.1e+06,7.3e-02,D,112750.153,116942.7542,3s2.3p5.(2P*<3/2>).3d,2[7/2]*,4,3s2.3p5.(2P*<3/2>).5p,2[5/2],3,9,7,,T1618n,,NIST
2397.306,2397.306,20,3.6e+05,1.0e-02,D,107496.4166,111667.766,3s2.3p5.(2P*<1/2>).4p,2[1/2],1,3s2.3p5.(2P*<3/2>).3d,2[1/2]*,0,3,1,,T1618n,L2634,NIST
,89.431017331123,,2779998.94044467,0.001,,0.0,111818.028,3s2.3p6,1S,0,3s2.3p5.(2P*<3/2>).3d,2[1/2]*,1,1.0,3.0,,,,BSR
,84.2805093020609,,5321273.6249045,0.0017,,0.0,118651.395,3s2.3p6,1S,0,3s2.3p5.(2P*<3/2>).4d,2[1/2]*,1,1.0,3.0,,,,BSR
,83.5002137292346,,43050635.5176384,0.0135,,0.0,119760.1725,3s2.3p6,1S,0,3s2.3p5.(2P*<3/2>).6s,2[3/2]*,1,1.0,3.0,,,,BSR
,83.4391828900947,,159360775.097897,0.0499,,0.0,119847.77,3s2.3p6,1S,0,3s2.3p5.(2P*<3/2>).4d,2[3/2]*,1,1.0,3.0,,,,BSR
,82.6364875173231,,14000570.4096201,0.0043,,0.0,121011.9198,3s2.3p6,1S,0,3s2.3p5.(2P*<1/2>).4d,2[3/2]*,1,1.0,3.0,,,,BSR
,82.5345955002378,,109996488.030231,0.0337,,0.0,121161.3135,3s2.3p6,1S,0,3s2.3p5.(2P*<1/2>).6s,2[1/2]*,1,1.0,3.0,,,,BSR
,82.0123550677969,,8264230.36812785,0.0025,,0.0,121932.8477,3s2.3p6,1S,0,3s2.3p5.(2P*<3/2>).5d,2[1/2]*,1,1.0,3.0,,,,BSR
,81.6463949826266,,22680668.8703942,0.0068,,0.0,122479.382,3s2.3p6,1S,0,3s2.3p5.(2P*<3/2>).7s,2[3/2]*,1,1.0,3.0,,,,BSR
,81.6231967640125,,105792050.569485,0.0317,,0.0,122514.192,3s2.3p6,1S,0,3s2.3p5.(2P*<3/2>).5d,2[3/2]*,1,1.0,3.0,,,,BSR
,858.041761304383,,8643.18384420115,3.18E-05,,95399.8276,107054.272,3s2.3p5.(2P*<1/2>).4s,2[1/2]*,1,3s2.3p5.(2P*<3/2>).4p,2[1/2],0,3.0,1.0,,,,BSR
,395.825304924122,,178.806955157581,2.52E-07,,93143.76,118407.4303,3s2.3p5.(2P*<3/2>).4s,2[3/2]*,2,3s2.3p5.(2P*<1/2>).5p,2[3/2],1,5.0,3.0,,,,BSR
,398.084113517156,,13763.8612917871,1.09E-05,,93750.5978,118870.917,3s2.3p5.(2P*<3/2>).4s,2[3/2]*,1,3s2.3p5.(2P*<1/2>).5p,2[1/2],0,3.0,1.0,,,,BSR
,995.457429113725,,13462.5347979335,2E-04,,104102.099,114147.732,3s2.3p5.(2P*<3/2>).4p,2[1/2],1,3s2.3p5.(2P*<3/2>).3d,2[3/2]*,1,3.0,3.0,,,,BSR
,1072.51660121634,,5845.13724596646,1.68E-04,,104102.099,113425.964,3s2.3p5.(2P*<3/2>).4p,2[1/2],1,3s2.3p5.(2P*<3/2>).3d,2[5/2]*,2,3.0,5.0,,,,BSR
,948.866261380584,,7512.25242877971,1.69E-04,,104102.099,114640.992,3s2.3p5.(2P*<3/2>).4p,2[1/2],1,3s2.3p5.(2P*<1/2>).3d,2[5/2]*,2,3.0,5.0,,,,BSR
,934.314338473682,,189346.595941951,4.13E-03,,104102.099,114805.135,3s2.3p5.(2P*<3/2>).4p,2[1/2],1,3s2.3p5.(2P*<1/2>).3d,2[3/2]*,2,3.0,5.0,,,,BSR
,887.723643107754,,20314.1144782432,2.4E-04,,104102.099,115366.866,3s2.3p5.(2P*<3/2>).4p,2[1/2],1,3s2.3p5.(2P*<1/2>).3d,2[3/2]*,1,3.0,3.0,,,,BSR
,1497.86605015299,,98228.228370755,2.36E-03,,105462.7596,112138.924,3s2.3p5.(2P*<3/2>).4p,2[5/2],3,3s2.3p5.(2P*<3/2>).3d,2[3/2]*,2,7.0,5.0,,,,BSR
,1372.23276569644,,15952206.0845497,5.79E-01,,105462.7596,112750.153,3s2.3p5.(2P*<3/2>).4p,2[5/2],3,3s2.3p5.(2P*<3/2>).3d,2[7/2]*,4,7.0,9.0,,,,BSR
,1323.17218251721,,2285918.5599525,6E-02,,105462.7596,113020.355,3s2.3p5.(2P*<3/2>).4p,2[5/2],3,3s2.3p5.(2P*<3/2>).3d,2[7/2]*,3,7.0,7.0,,,,BSR
,1089.53440751838,,43030.4303735465,5.47E-04,,105462.7596,114640.992,3s2.3p5.(2P*<3/2>).4p,2[5/2],3,3s2.3p5.(2P*<1/2>).3d,2[5/2]*,2,7.0,5.0,,,,BSR
,1068.46974212291,,736187.292360828,1.26E-02,,105462.7596,114821.939,3s2.3p5.(2P*<3/2>).4p,2[5/2],3,3s2.3p5.(2P*<1/2>).3d,2[5/2]*,3,7.0,7.0,,,,BSR
,1070.39158370793,,151599.523403033,1.86E-03,,105462.7596,114805.135,3s2.3p5.(2P*<3/2>).4p,2[5/2],3,3s2.3p5.(2P*<1/2>).3d,2[3/2]*,2,7.0,5.0,,,,BSR
,1086.40517111479,,41982.0733209564,1.04E-03,,105617.27,114821.939,3s2.3p5.(2P*<3/2>).4p,2[5/2],2,3s2.3p5.(2P*<1/2>).3d,2[5/2]*,3,5.0,7.0,,,,BSR
,1088.3921346254,,720744.617453293,1.28E-02,,105617.27,114805.135,3s2.3p5.(2P*<3/2>).4p,2[5/2],2,3s2.3p5.(2P*<1/2>).3d,2[3/2]*,2,5.0,5.0,,,,BSR
,1025.6835257584,,83270.3584951579,7.88E-04,,105617.27,115366.866,3s2.3p5.(2P*<3/2>).4p,2[5/2],2,3s2.3p5.(2P*<1/2>).3d,2[3/2]*,1,5.0,3.0,,,,BSR
,1791.95213509484,,772738.156011613,1.24E-02,,106087.2598,111667.766,3s2.3p5.(2P*<3/2>).4p,2[3/2],1,3s2.3p5.(2P*<3/2>).3d,2[1/2]*,0,3.0,1.0,,,,BSR
,1744.96675681281,,308878.034246816,1.41E-02,,106087.2598,111818.028,3s2.3p5.(2P*<3/2>).4p,2[3/2],1,3s2.3p5.(2P*<3/2>).3d,2[1/2]*,1,3.0,3.0,,,,BSR
,1169.08032262221,,50072.6857946453,1.71E-03,,106087.2598,114640.992,3s2.3p5.(2P*<3/2>).4p,2[3/2],1,3s2.3p5.(2P*<1/2>).3d,2[5/2]*,2,3.0,5.0,,,,BSR
,1077.63193657938,,390005.825807194,6.79E-03,,106087.2598,115366.866,3s2.3p5.(2P*<3/2>).4p,2[3/2],1,3s2.3p5.(2P*<1/2>).3d,2[3/2]*,1,3.0,3.0,,,,BSR
,1791.96176842399,,1370972.31056893,3.96E-02,,106237.5518,111818.028,3s2.3p5.(2P*<3/2>).4p,2[3/2],2,3s2.3p5.(2P*<3/2>).3d,2[1/2]*,1,5.0,3.0,,,,BSR
,1264.19370319781,,40066.9436071751,5.76E-04,,106237.5518,114147.732,3s2.3p5.(2P*<3/2>).4p,2[3/2],2,3s2.3p5.(2P*<3/2>).3d,2[3/2]*,1,5.0,3.0,,,,BSR
,1391.12779314464,,199566.084397998,5.79E-03,,106237.5518,113425.964,3s2.3p5.(2P*<3/2>).4p,2[3/2],2,3s2.3p5.(2P*<3/2>).3d,2[5/2]*,2,5.0,5.0,,,,BSR
,1337.07657726367,,15004102.5792159,5.63E-01,,106237.5518,113716.555,3s2.3p5.(2P*<3/2>).4p,2[3/2],2,3s2.3p5.(2P*<3/2>).3d,2[5/2]*,3,5.0,7.0,,,,BSR
,1189.98883338279,,208670.079475707,4.43E-03,,106237.5518,114640.992,3s2.3p5.(2P*<3/2>).4p,2[3/2],2,3s2.3p5.(2P*<1/2>).3d,2[5/2]*,2,5.0,5.0,,,,BSR
,1164.90551591149,,93041.9196623858,2.65E-03,,106237.5518,114821.939,3s2.3p5.(2P*<3/2>).4p,2[3/2],2,3s2.3p5.(2P*<1/2>).3d,2[5/2]*,3,5.0,7.0,,,,BSR
,2099.18392125877,,575207.899308419,1.14E-01,,107054.272,111818.028,3s2.3p5.(2P*<3/2>).4p,2[1/2],0,3s2.3p5.(2P*<3/2>).3d,2[1/2]*,1,1.0,3.0,,,,BSR
,1997.11799895806,,94121.5053753672,9.38E-03,,107131.7086,112138.924,3s2.3p5.(2P*<1/2>).4p,2[3/2],1,3s2.3p5.(2P*<3/2>).3d,2[3/2]*,2,3.0,5.0,,,,BSR
,1425.30881524711,,896369.213816982,2.73E-02,,107131.7086,114147.732,3s2.3p5.(2P*<1/2>).4p,2[3/2],1,3s2.3p5.(2P*<3/2>).3d,2[3/2]*,1,3.0,3.0,,,,BSR
,1588.75027537014,,1544.33372981301,9.74E-05,,107131.7086,113425.964,3s2.3p5.(2P*<1/2>).4p,2[3/2],1,3s2.3p5.(2P*<3/2>).3d,2[5/2]*,2,3.0,5.0,,,,BSR
,1303.19879004769,,172026.360701555,7.3E-03,,107131.7086,114805.135,3s2.3p5.(2P*<1/2>).4p,2[3/2],1,3s2.3p5.(2P*<1/2>).3d,2[3/2]*,2,3.0,5.0,,,,BSR
,1458.14428188939,,44495.8532182683,8.51E-04,,107289.7001,114147.732,3s2.3p5.(2P*<1/2>).4p,2[3/2],2,3s2.3p5.(2P*<3/2>).3d,2[3/2]*,1,5.0,3.0,,,,BSR
,1745.00125631366,,2534.7650966616,1.62E-04,,107289.7001,113020.355,3s2.3p5.(2P*<1/2>).4p,2[3/2],2,3s2.3p5.(2P*<3/2>).3d,2[7/2]*,3,5.0,7.0,,,,BSR
,1629.65611697372,,20796.0389387574,8.28E-04,,107289.7001,113425.964,3s2.3p5.(2P*<1/2>).4p,2[3/2],2,3s2.3p5.(2P*<3/2>).3d,2[5/2]*,2,5.0,5.0,,,,BSR
,1330.59498659219,,580191.260481776,1.54E-02,,107289.7001,114805.135,3s2.3p5.(2P*<1/2>).4p,2[3/2],2,3s2.3p5.(2P*<1/2>).3d,2[3/2]*,2,5.0,5.0,,,,BSR
,1238.05801735483,,48449.0700787066,6.68E-04,,107289.7001,115366.866,3s2.3p5.(2P*<1/2>).4p,2[3/2],2,3s2.3p5.(2P*<1/2>).3d,2[3/2]*,1,5.0,3.0,,,,BSR
,1503.46200692873,,58723.2912290125,1.99E-03,,107496.4166,114147.732,3s2.3p5.(2P*<1/2>).4p,2[1/2],1,3s2.3p5.(2P*<3/2>).3d,2[3/2]*,1,3.0,3.0,,,,BSR
,1686.46935852136,,675.426048067979,4.8E-05,,107496.4166,113425.964,3s2.3p5.(2P*<1/2>).4p,2[1/2],1,3s2.3p5.(2P*<3/2>).3d,2[5/2]*,2,3.0,5.0,,,,BSR
,1399.66330259458,,3350.34996071797,1.64E-04,,107496.4166,114640.992,3s2.3p5.(2P*<1/2>).4p,2[1/2],1,3s2.3p5.(2P*<1/2>).3d,2[5/2]*,2,3.0,5.0,,,,BSR
,3230.59126992151,,2492.54383151728,1.17E-03,,108722.6194,111818.028,3s2.3p5.(2P*<1/2>).4p,2[1/2],0,3s2.3p5.(2P*<3/2>).3d,2[1/2]*,1,1.0,3.0,,,,BSR
,1843.2797136782,,876886.298319543,1.34E-01,,108722.6194,114147.732,3s2.3p5.(2P*<1/2>).4p,2[1/2],0,3s2.3p5.(2P*<3/2>).3d,2[3/2]*,1,1.0,3.0,,,,BSR
,1912.90285495012,,5120000.0,0.57404,,113643.26,118870.917,3s2.3p5.(2P*<3/2>).5s,2[3/2]*,1,3s2.3p5.(2P*<1/2>).5p,2[1/2],0,3.0,1.0,,,,MCDHF
,2076.26645765584,,2050000.0,0.89641,,113643.26,118459.5975,3s2.3p5.(2P*<3/2>).5s,2[3/2]*,1,3s2.3p5.(2P*<1/2>).5p,2[1/2],1,3.0,3.0,,,,MCDHF
,2862.02317906781,,107000.0,0.03846,,114975.019,118469.0508,3s2.3p5.(2P*<1/2>).5s,2[1/2]*,1,3s2.3p5.(2P*<1/2>).5p,2[3/2],2,3.0,5.0,,,,MCDHF
,2072.19923416489,,3400000.0,2.49713,,113643.26,118469.0508,3s2.3p5.(2P*<3/2>).5s,2[3/2]*,1,3s2.3p5.(2P*<1/2>).5p,2[3/2],2,3.0,5.0,,,,MCDHF
,2024.71886120578,,67700.0,0.02559,,113468.473,118407.4303,3s2.3p5.(2P*<3/2>).5s,2[3/2]*,2,3s2.3p5.(2P*<1/2>).5p,2[3/2],1,5.0,3.0,,,,MCDHF
,2003.55651316652,,333000.0,0.0654,,113468.473,118459.5975,3s2.3p5.(2P*<3/2>).5s,2[3/2]*,2,3s2.3p5.(2P*<1/2>).5p,2[1/2],1,5.0,3.0,,,,MCDHF
,1999.76890670514,,59600.0,0.0196,,113468.473,118469.0508,3s2.3p5.(2P*<3/2>).5s,2[3/2]*,2,3s2.3p5.(2P*<1/2>).5p,2[3/2],2,5.0,5.0,,,,MCDHF
,2779.04517676978,,251000.0,0.2559,,117562.9553,121161.3135,3s2.3p5.(2P*<3/2>).5p,2[1/2],0,3s2.3p5.(2P*<1/2>).6s,2[1/2]*,1,1.0,3.0,,,,MCDHF
,2534.67524448084,,2680000.0,0.5905,,117151.3264,121096.605,3s2.3p5.(2P*<3/2>).5p,2[3/2],1,3s2.3p5.(2P*<1/2>).6s,2[1/2]*,0,3.0,1.0,,,,MCDHF
,2221.57051217042,,354000.0,0.17809,,116659.9934,121161.3135,3s2.3p5.(2P*<3/2>).5p,2[1/2],1,3s2.3p5.(2P*<1/2>).6s,2[1/2]*,1,3.0,3.0,,,,MCDHF
,3225.62009401328,,125000.0,0.02899,,116659.9934,119760.1725,3s2.3p5.(2P*<3/2>).5p,2[1/2],1,3s2.3p5.(2P*<3/2>).6s,2[3/2]*,1,3.0,3.0,,,,MCDHF
,2402.69817238283,,205000.0,0.128003,,116999.3259,121161.3135,3s2.3p5.(2P*<3/2>).5p,2[5/2],2,3s2.3p5.(2P*<1/2>).6s,2[1/2]*,1,5.0,3.0,,,,MCDHF
,2514.00084782164,,529000.0,0.38057,,117183.5901,121161.3135,3s2.3p5.(2P*<3/2>).5p,2[3/2],2,3s2.3p5.(2P*<1/2>).6s,2[1/2]*,1,5.0,3.0,,,,MCDHF
,1188.77299012665,,2680000.0,0.455585,,111818.028,120230.063,3s2.3p5.(2P*<3/2>).3d,2[1/2]*,1,3s2.3p5.(2P*<3/2>).4f,2[5/2],2,3.0,5.0,,,,MCDHF
,1016.61639159738,,686000.0,0.078629,,111818.028,121654.58,3s2.3p5.(2P*<3/2>).3d,2[1/2]*,1,3s2.3p5.(2P*<1/2>).4f,2[5/2],2,3.0,5.0,,,,MCDHF
,1332.11702168473,,2460000.0,0.436427,,114147.732,121654.58,3s2.3p5.(2P*<3/2>).3d,2[3/2]*,1,3s2.3p5.(2P*<1/2>).4f,2[5/2],2,3.0,5.0,,,,MCDHF
,2073.92935989207,,1090000.0,0.687459,,115366.866,120188.631,3s2.3p5.(2P*<1/2>).3d,2[3/2]*,1,3s2.3p5.(2P*<3/2>).4f,2[3/2],2,3.0,5.0,,,,MCDHF
,2056.26052162806,,496000.0,0.303941,,115366.866,120230.063,3s2.3p5.(2P*<1/2>).3d,2[3/2]*,1,3s2.3p5.(2P*<3/2>).4f,2[5/2],2,3.0,5.0,,,,MCDHF
,1242.34282002875,,641000.0,0.071725,,112138.924,120188.232,3s2.3p5.(2P*<3/2>).3d,2[3/2]*,2,3s2.3p5.(2P*<3/2>).4f,2[3/2],1,5.0,3.0,,,,MCDHF
,1478.79380113299,,263000.0,0.035582,,113425.964,120188.232,3s2.3p5.(2P*<3/2>).3d,2[5/2]*,2,3s2.3p5.(2P*<3/2>).4f,2[3/2],1,5.0,3.0,,,,MCDHF
,1242.28124079547,,3510000.0,0.653991,,112138.924,120188.631,3s2.3p5.(2P*<3/2>).3d,2[3/2]*,2,3s2.3p5.(2P*<3/2>).4f,2[3/2],2,5.0,5.0,,,,MCDHF
,1469.70230738853,,2970000.0,0.661336,,113425.964,120230.063,3s2.3p5.(2P*<3/2>).3d,2[5/2]*,2,3s2.3p5.(2P*<3/2>).4f,2[5/2],2,5.0,5.0,,,,MCDHF
,1215.27119505881,,129000.0,0.018419,,113425.964,121654.58,3s2.3p5.(2P*<3/2>).3d,2[5/2]*,2,3s2.3p5.(2P*<1/2>).4f,2[5/2],2,5.0,5.0,,,,MCDHF
,1789.20611314474,,240000.0,0.084836,,114640.992,120230.063,3s2.3p5.(2P*<1/2>).3d,2[5/2]*,2,3s2.3p5.(2P*<3/2>).4f,2[5/2],2,5.0,5.0,,,,MCDHF
,1425.80373982618,,815000.0,0.167079,,114640.992,121654.58,3s2.3p5.(2P*<1/2>).3d,2[5/2]*,2,3s2.3p5.(2P*<1/2>).4f,2[5/2],2,5.0,5.0,,,,MCDHF
,1857.52901088809,,338000.0,0.128723,,114805.135,120188.631,3s2.3p5.(2P*<1/2>).3d,2[3/2]*,2,3s2.3p5.(2P*<3/2>).4f,2[3/2],2,5.0,5.0,,,,MCDHF
,1843.34243698718,,79500.0,0.029722,,114805.135,120230.063,3s2.3p5.(2P*<1/2>).3d,2[3/2]*,2,3s2.3p5.(2P*<3/2>).4f,2[5/2],2,5.0,5.0,,,,MCDHF
,1469.7699192773,,147000.0,0.045623,,113425.964,120229.75,3s2.3p5.(2P*<3/2>).3d,2[5/2]*,2,3s2.3p5.(2P*<3/2>).4f,2[5/2],3,5.0,7.0,,,,MCDHF
,1465.43507595057,,1090000.0,0.33706,,113425.964,120249.876,3s2.3p5.(2P*<3/2>).3d,2[5/2]*,2,3s2.3p5.(2P*<3/2>).4f,2[7/2],3,5.0,7.0,,,,MCDHF
,1215.46942523125,,1260000.0,0.252278,,113425.964,121653.238,3s2.3p5.(2P*<3/2>).3d,2[5/2]*,2,3s2.3p5.(2P*<1/2>).4f,2[7/2],3,5.0,7.0,,,,MCDHF
,1426.07660940589,,1320000.0,0.378497,,114640.992,121653.238,3s2.3p5.(2P*<1/2>).3d,2[5/2]*,2,3s2.3p5.(2P*<1/2>).4f,2[7/2],3,5.0,7.0,,,,MCDHF
,1425.8740822005,,50000.0,0.014343,,114640.992,121654.234,3s2.3p5.(2P*<1/2>).3d,2[5/2]*,2,3s2.3p5.(2P*<1/2>).4f,2[5/2],3,5.0,7.0,,,,MCDHF
,1843.44879774878,,834000.0,0.436511,,114805.135,120229.75,3s2.3p5.(2P*<1/2>).3d,2[3/2]*,2,3s2.3p5.(2P*<3/2>).4f,2[5/2],3,5.0,7.0,,,,MCDHF
,1387.0187253076,,236000.0,0.046675,,113020.355,120230.063,3s2.3p5.(2P*<3/2>).3d,2[7/2]*,3,3s2.3p5.(2P*<3/2>).4f,2[5/2],2,7.0,5.0,,,,MCDHF
,1545.09928498985,,236000.0,0.055269,,113716.555,120188.631,3s2.3p5.(2P*<3/2>).3d,2[5/2]*,3,3s2.3p5.(2P*<3/2>).4f,2[3/2],2,7.0,5.0,,,,MCDHF
,1535.27100910907,,120000.0,0.027659,,113716.555,120230.063,3s2.3p5.(2P*<3/2>).3d,2[5/2]*,3,3s2.3p5.(2P*<3/2>).4f,2[5/2],2,7.0,5.0,,,,MCDHF
,1463.5629180576,,59800.0,0.012658,,114821.939,121654.58,3s2.3p5.(2P*<1/2>).3d,2[5/2]*,3,3s2.3p5.(2P*<1/2>).4f,2[5/2],2,7.0,5.0,,,,MCDHF
,1387.07894351745,,156000.0,0.043016,,113020.355,120229.75,3s2.3p5.(2P*<3/2>).3d,2[7/2]*,3,3s2.3p5.(2P*<3/2>).4f,2[5/2],3,7.0,7.0,,,,MCDHF
,1383.21750500483,,2520000.0,0.692961,,113020.355,120249.876,3s2.3p5.(2P*<3/2>).3d,2[7/2]*,3,3s2.3p5.(2P*<3/2>).4f,2[7/2],3,7.0,7.0,,,,MCDHF
,1158.22795292823,,28100.0,0.0051,,113020.355,121654.234,3s2.3p5.(2P*<3/2>).3d,2[7/2]*,3,3s2.3p5.(2P*<1/2>).4f,2[5/2],3,7.0,7.0,,,,MCDHF
,1535.3447885408,,2960000.0,0.956972,,113716.555,120229.75,3s2.3p5.(2P*<3/2>).3d,2[5/2]*,3,3s2.3p5.(2P*<3/2>).4f,2[5/2],3,7.0,7.0,,,,MCDHF
,1259.97220753305,,26300.0,0.00542,,113716.555,121653.238,3s2.3p5.(2P*<3/2>).3d,2[5/2]*,3,3s2.3p5.(2P*<1/2>).4f,2[7/2],3,7.0,7.0,,,,MCDHF
,1259.8141093889,,63200.0,0.013006,,113716.555,121654.234,3s2.3p5.(2P*<3/2>).3d,2[5/2]*,3,3s2.3p5.(2P*<1/2>).4f,2[5/2],3,7.0,7.0,,,,MCDHF
,1849.17705149089,,133000.0,0.068713,,114821.939,120229.75,3s2.3p5.(2P*<1/2>).3d,2[5/2]*,3,3s2.3p5.(2P*<3/2>).4f,2[5/2],3,7.0,7.0,,,,MCDHF
,1842.32057225425,,58400.0,0.029793,,114821.939,120249.876,3s2.3p5.(2P*<1/2>).3d,2[5/2]*,3,3s2.3p5.(2P*<3/2>).4f,2[7/2],3,7.0,7.0,,,,MCDHF
,1463.63703557882,,860000.0,0.254916,,114821.939,121654.234,3s2.3p5.(2P*<1/2>).3d,2[5/2]*,3,3s2.3p5.(2P*<1/2>).4f,2[5/2],3,7.0,7.0,,,,MCDHF
,1391.43598977016,,1360000.0,0.485558,,113020.355,120207.175,3s2.3p5.(2P*<3/2>).3d,2[7/2]*,3,3s2.3p5.(2P*<3/2>).4f,2[9/2],4,7.0,9.0,,,,MCDHF
,1383.21023453851,,445000.0,0.157217,,113020.355,120249.914,3s2.3p5.(2P*<3/2>).3d,2[7/2]*,3,3s2.3p5.(2P*<3/2>).4f,2[7/2],4,7.0,9.0,,,,MCDHF
,1259.96553994248,,496000.0,0.131407,,113716.555,121653.28,3s2.3p5.(2P*<3/2>).3d,2[5/2]*,3,3s2.3p5.(2P*<1/2>).4f,2[7/2],4,7.0,9.0,,,,MCDHF
,1856.92883283109,,84000.0,0.056298,,114821.939,120207.175,3s2.3p5.(2P*<1/2>).3d,2[5/2]*,3,3s2.3p5.(2P*<3/2>).4f,2[9/2],4,7.0,9.0,,,,MCDHF
,1842.30767459319,,345000.0,0.226176,,114821.939,120249.914,3s2.3p5.(2P*<1/2>).3d,2[5/2]*,3,3s2.3p5.(2P*<3/2>).4f,2[7/2],4,7.0,9.0,,,,MCDHF
,1336.97042768481,,144000.0,0.037586,,112750.153,120229.75,3s2.3p5.(2P*<3/2>).3d,2[7/2]*,4,3s2.3p5.(2P*<3/2>).4f,2[5/2],3,9.0,7.0,,,,MCDHF
,1333.38257959661,,80100.0,0.020812,,112750.153,120249.876,3s2.3p5.(2P*<3/2>).3d,2[7/2]*,4,3s2.3p5.(2P*<3/2>).4f,2[7/2],3,9.0,7.0,,,,MCDHF
,1333.37582357624,,2180000.0,0.727333,,112750.153,120249.914,3s2.3p5.(2P*<3/2>).3d,2[7/2]*,4,3s2.3p5.(2P*<3/2>).4f,2[7/2],4,9.0,9.0,,,,MCDHF
,3071.61758999901,,126000.0,0.184805,,120249.876,123505.4896,3s2.3p5.(2P*<3/2>).4f,2[7/2],3,3s2.3p5.(2P*<1/2>).5d,2[5/2]*,2,7.0,5.0,,,,MCDHF
,3023.4236420905,,117000.0,0.023528,,120249.914,123557.4227,3s2.3p5.(2P*<3/2>).4f,2[7/2],4,3s2.3p5.(2P*<1/2>).5d,2[5/2]*,3,9.0,7.0,,,,MCDHF
,907.581106666283,,2900000.0,0.153539,,111667.766,122686.065,3s2.3p5.(2P*<3/2>).3d,2[1/2]*,0,3s2.3p5.(2P*<3/2>).5f,2[3/2],1,1.0,3.0,,,,MCDHF
,920.129366508414,,2550000.0,0.13901,,111818.028,122686.065,3s2.3p5.(2P*<3/2>).3d,2[1/2]*,1,3s2.3p5.(2P*<3/2>).5f,2[3/2],1,3.0,3.0,,,,MCDHF
,1171.18880231071,,236000.0,0.018926,,114147.732,122686.065,3s2.3p5.(2P*<3/2>).3d,2[3/2]*,1,3s2.3p5.(2P*<3/2>).5f,2[3/2],1,3.0,3.0,,,,MCDHF
,920.100158422846,,2420000.0,0.21975,,111818.028,122686.41,3s2.3p5.(2P*<3/2>).3d,2[1/2]*,1,3s2.3p5.(2P*<3/2>).5f,2[3/2],2,3.0,5.0,,,,MCDHF
,918.265382001154,,974000.0,0.087818,,111818.028,122708.126,3s2.3p5.(2P*<3/2>).3d,2[1/2]*,1,3s2.3p5.(2P*<3/2>).5f,2[5/2],2,3.0,5.0,,,,MCDHF
,811.72731676717,,260000.0,0.01747,,111818.028,124137.436,3s2.3p5.(2P*<3/2>).3d,2[1/2]*,1,3s2.3p5.(2P*<1/2>).5f,2[5/2],2,3.0,5.0,,,,MCDHF
,1171.141481152,,1020000.0,0.136077,,114147.732,122686.41,3s2.3p5.(2P*<3/2>).3d,2[3/2]*,1,3s2.3p5.(2P*<3/2>).5f,2[3/2],2,3.0,5.0,,,,MCDHF
,1168.17053046857,,2360000.0,0.312287,,114147.732,122708.126,3s2.3p5.(2P*<3/2>).3d,2[3/2]*,1,3s2.3p5.(2P*<3/2>).5f,2[5/2],2,3.0,5.0,,,,MCDHF
,1001.03066116874,,880000.0,0.08209,,114147.732,124137.436,3s2.3p5.(2P*<3/2>).3d,2[3/2]*,1,3s2.3p5.(2P*<1/2>).5f,2[5/2],2,3.0,5.0,,,,MCDHF
,1366.20532645203,,510000.0,0.108351,,115366.866,122686.41,3s2.3p5.(2P*<1/2>).3d,2[3/2]*,1,3s2.3p5.(2P*<3/2>).5f,2[3/2],2,3.0,5.0,,,,MCDHF
,1362.16398819821,,213000.0,0.044819,,115366.866,122708.126,3s2.3p5.(2P*<1/2>).3d,2[3/2]*,1,3s2.3p5.(2P*<3/2>).5f,2[5/2],2,3.0,5.0,,,,MCDHF
,1140.17675019982,,3280000.0,0.449027,,115366.866,124137.436,3s2.3p5.(2P*<1/2>).3d,2[3/2]*,1,3s2.3p5.(2P*<1/2>).5f,2[5/2],2,3.0,5.0,,,,MCDHF
,948.124235752608,,243000.0,0.014051,,112138.924,122686.065,3s2.3p5.(2P*<3/2>).3d,2[3/2]*,2,3s2.3p5.(2P*<3/2>).5f,2[3/2],1,5.0,3.0,,,,MCDHF
,1079.9018282846,,102000.0,0.00677,,113425.964,122686.065,3s2.3p5.(2P*<3/2>).3d,2[5/2]*,2,3s2.3p5.(2P*<3/2>).5f,2[3/2],1,5.0,3.0,,,,MCDHF
,948.093223351991,,1340000.0,0.128855,,112138.924,122686.41,3s2.3p5.(2P*<3/2>).3d,2[3/2]*,2,3s2.3p5.(2P*<3/2>).5f,2[3/2],2,5.0,5.0,,,,MCDHF
,946.145224587438,,373000.0,0.035663,,112138.924,122708.126,3s2.3p5.(2P*<3/2>).3d,2[3/2]*,2,3s2.3p5.(2P*<3/2>).5f,2[5/2],2,5.0,5.0,,,,MCDHF
,833.436679481589,,73000.0,0.00516,,112138.924,124137.436,3s2.3p5.(2P*<3/2>).3d,2[3/2]*,2,3s2.3p5.(2P*<1/2>).5f,2[5/2],2,5.0,5.0,,,,MCDHF
,1077.33521565342,,1160000.0,0.127302,,113425.964,122708.126,3s2.3p5.(2P*<3/2>).3d,2[5/2]*,2,3s2.3p5.(2P*<3/2>).5f,2[5/2],2,5.0,5.0,,,,MCDHF
,933.578503496065,,40300.0,0.0032,,113425.964,124137.436,3s2.3p5.(2P*<3/2>).3d,2[5/2]*,2,3s2.3p5.(2P*<1/2>).5f,2[5/2],2,5.0,5.0,,,,MCDHF
,1239.59760678328,,96000.0,0.014394,,114640.992,122708.126,3s2.3p5.(2P*<1/2>).3d,2[5/2]*,2,3s2.3p5.(2P*<3/2>).5f,2[5/2],2,5.0,5.0,,,,MCDHF
,1053.02574310974,,318000.0,0.032909,,114640.992,124137.436,3s2.3p5.(2P*<1/2>).3d,2[5/2]*,2,3s2.3p5.(2P*<1/2>).5f,2[5/2],2,5.0,5.0,,,,MCDHF
,1268.83023368681,,145000.0,0.022628,,114805.135,122686.41,3s2.3p5.(2P*<1/2>).3d,2[3/2]*,2,3s2.3p5.(2P*<3/2>).5f,2[3/2],2,5.0,5.0,,,,MCDHF
,1265.34371606902,,36200.0,0.00563,,114805.135,122708.126,3s2.3p5.(2P*<1/2>).3d,2[3/2]*,2,3s2.3p5.(2P*<3/2>).5f,2[5/2],2,5.0,5.0,,,,MCDHF
,1071.54709219087,,472000.0,0.050311,,114805.135,124137.436,3s2.3p5.(2P*<1/2>).3d,2[3/2]*,2,3s2.3p5.(2P*<1/2>).5f,2[5/2],2,5.0,5.0,,,,MCDHF
,946.165277286034,,3970000.0,0.531356,,112138.924,122707.902,3s2.3p5.(2P*<3/2>).3d,2[3/2]*,2,3s2.3p5.(2P*<3/2>).5f,2[5/2],3,5.0,7.0,,,,MCDHF
,833.45210025762,,730000.0,0.072294,,112138.924,124137.214,3s2.3p5.(2P*<3/2>).3d,2[3/2]*,2,3s2.3p5.(2P*<1/2>).5f,2[5/2],3,5.0,7.0,,,,MCDHF
,1077.36121486698,,57400.0,0.0088,,113425.964,122707.902,3s2.3p5.(2P*<3/2>).3d,2[5/2]*,2,3s2.3p5.(2P*<3/2>).5f,2[5/2],3,5.0,7.0,,,,MCDHF
,1076.21090677334,,4200000.0,0.643034,,113425.964,122717.823,3s2.3p5.(2P*<3/2>).3d,2[5/2]*,2,3s2.3p5.(2P*<3/2>).5f,2[7/2],3,5.0,7.0,,,,MCDHF
,933.732535116514,,490000.0,0.054509,,113425.964,124135.669,3s2.3p5.(2P*<3/2>).3d,2[5/2]*,2,3s2.3p5.(2P*<1/2>).5f,2[7/2],3,5.0,7.0,,,,MCDHF
,1238.10935254186,,303000.0,0.063433,,114640.992,122717.823,3s2.3p5.(2P*<1/2>).3d,2[5/2]*,2,3s2.3p5.(2P*<3/2>).5f,2[7/2],3,5.0,7.0,,,,MCDHF
,1053.22171570449,,5040000.0,0.729204,,114640.992,124135.669,3s2.3p5.(2P*<1/2>).3d,2[5/2]*,2,3s2.3p5.(2P*<1/2>).5f,2[7/2],3,5.0,7.0,,,,MCDHF
,1265.3795816073,,387000.0,0.084212,,114805.135,122707.902,3s2.3p5.(2P*<1/2>).3d,2[3/2]*,2,3s2.3p5.(2P*<3/2>).5f,2[5/2],3,5.0,7.0,,,,MCDHF
,1071.57258312965,,4680000.0,0.698512,,114805.135,124137.214,3s2.3p5.(2P*<1/2>).3d,2[3/2]*,2,3s2.3p5.(2P*<1/2>).5f,2[5/2],3,5.0,7.0,,,,MCDHF
,1032.22918873702,,90200.0,0.00909,,113020.355,122708.126,3s2.3p5.(2P*<3/2>).3d,2[7/2]*,3,3s2.3p5.(2P*<3/2>).5f,2[5/2],2,7.0,5.0,,,,MCDHF
,1114.84522325054,,93300.0,0.010551,,113716.555,122686.41,3s2.3p5.(2P*<3/2>).3d,2[5/2]*,3,3s2.3p5.(2P*<3/2>).5f,2[3/2],2,7.0,5.0,,,,MCDHF
,1112.15270390458,,46400.0,0.00521,,113716.555,122708.126,3s2.3p5.(2P*<3/2>).3d,2[5/2]*,3,3s2.3p5.(2P*<3/2>).5f,2[5/2],2,7.0,5.0,,,,MCDHF
,1032.25305642388,,60000.0,0.00846,,113020.355,122707.902,3s2.3p5.(2P*<3/2>).3d,2[7/2]*,3,3s2.3p5.(2P*<3/2>).5f,2[5/2],3,7.0,7.0,,,,MCDHF
,1031.19700936368,,9600000.0,0.135101,,113020.355,122717.823,3s2.3p5.(2P*<3/2>).3d,2[7/2]*,3,3s2.3p5.(2P*<3/2>).5f,2[7/2],3,7.0,7.0,,,,MCDHF
,1112.18041078828,,1160000.0,0.182892,,113716.555,122707.902,3s2.3p5.(2P*<3/2>).3d,2[5/2]*,3,3s2.3p5.(2P*<3/2>).5f,2[5/2],3,7.0,7.0,,,,MCDHF
,1110.95458995333,,44800.0,0.00703,,113716.555,122717.823,3s2.3p5.(2P*<3/2>).3d,2[5/2]*,3,3s2.3p5.(2P*<3/2>).5f,2[7/2],3,7.0,7.0,,,,MCDHF
,1268.07594709739,,52700.0,0.011368,,114821.939,122707.902,3s2.3p5.(2P*<1/2>).3d,2[5/2]*,3,3s2.3p5.(2P*<3/2>).5f,2[5/2],3,7.0,7.0,,,,MCDHF
,1266.4826382961,,25900.0,0.00557,,114821.939,122717.823,3s2.3p5.(2P*<1/2>).3d,2[5/2]*,3,3s2.3p5.(2P*<3/2>).5f,2[7/2],3,7.0,7.0,,,,MCDHF
,1073.68369063737,,258000.0,0.038134,,114821.939,124135.669,3s2.3p5.(2P*<1/2>).3d,2[5/2]*,3,3s2.3p5.(2P*<1/2>).5f,2[7/2],3,7.0,7.0,,,,MCDHF
,1073.50561309247,,337000.0,0.04984,,114821.939,124137.214,3s2.3p5.(2P*<1/2>).3d,2[5/2]*,3,3s2.3p5.(2P*<1/2>).5f,2[5/2],3,7.0,7.0,,,,MCDHF
,1033.55519629177,,5190000.0,0.943597,,113020.355,122695.697,3s2.3p5.(2P*<3/2>).3d,2[7/2]*,3,3s2.3p5.(2P*<3/2>).5f,2[9/2],4,7.0,9.0,,,,MCDHF
,1031.19381927173,,165000.0,0.02986,,113020.355,122717.853,3s2.3p5.(2P*<3/2>).3d,2[7/2]*,3,3s2.3p5.(2P*<3/2>).5f,2[7/2],4,7.0,9.0,,,,MCDHF
,899.657347506055,,133000.0,0.017738,,113020.355,124135.698,3s2.3p5.(2P*<3/2>).3d,2[7/2]*,3,3s2.3p5.(2P*<1/2>).5f,2[7/2],4,7.0,9.0,,,,MCDHF
,1113.69215455107,,133000.0,0.078923,,113716.555,122695.697,3s2.3p5.(2P*<3/2>).3d,2[5/2]*,3,3s2.3p5.(2P*<3/2>).5f,2[9/2],4,7.0,9.0,,,,MCDHF
,1110.95088730536,,4410000.0,0.889433,,113716.555,122717.853,3s2.3p5.(2P*<3/2>).3d,2[5/2]*,3,3s2.3p5.(2P*<3/2>).5f,2[7/2],4,7.0,9.0,,,,MCDHF
,959.771835361123,,201000.0,0.029366,,113716.555,124135.698,3s2.3p5.(2P*<3/2>).3d,2[5/2]*,3,3s2.3p5.(2P*<1/2>).5f,2[7/2],4,7.0,9.0,,,,MCDHF
,1270.04157354087,,35700.0,0.00994,,114821.939,122695.697,3s2.3p5.(2P*<1/2>).3d,2[5/2]*,3,3s2.3p5.(2P*<3/2>).5f,2[9/2],4,7.0,9.0,,,,MCDHF
,1266.47782637957,,160000.0,0.044268,,114821.939,122717.853,3s2.3p5.(2P*<1/2>).3d,2[5/2]*,3,3s2.3p5.(2P*<3/2>).5f,2[7/2],4,7.0,9.0,,,,MCDHF
,1073.68034753744,,539000.0,0.102619,,114821.939,124135.698,3s2.3p5.(2P*<1/2>).3d,2[5/2]*,3,3s2.3p5.(2P*<1/2>).5f,2[7/2],4,7.0,9.0,,,,MCDHF
,1004.24302721428,,54500.0,0.00739,,112750.153,122707.902,3s2.3p5.(2P*<3/2>).3d,2[7/2]*,4,3s2.3p5.(2P*<3/2>).5f,2[5/2],3,9.0,7.0,,,,MCDHF
,1003.24348619086,,30300.0,0.0041,,112750.153,122717.823,3s2.3p5.(2P*<3/2>).3d,2[7/2]*,4,3s2.3p5.(2P*<3/2>).5f,2[7/2],3,9.0,7.0,,,,MCDHF
,1005.47541693044,,167000.0,0.029143,,112750.153,122695.697,3s2.3p5.(2P*<3/2>).3d,2[7/2]*,4,3s2.3p5.(2P*<3/2>).5f,2[9/2],4,9.0,9.0,,,,MCDHF
,1003.24046670747,,823000.0,0.143068,,112750.153,122717.853,3s2.3p5.(2P*<3/2>).3d,2[7/2]*,4,3s2.3p5.(2P*<3/2>).5f,2[7/2],4,9.0,9.0,,,,MCDHF
,1005.48158395123,,593000.0,0.126585,,112750.153,122695.636,3s2.3p5.(2P*<3/2>).3d,2[7/2]*,4,3s2.3p5.(2P*<3/2>).5f,2[9/2],5,9.0,11.0,,,,MCDHF
,2395.85918864708,,1230000.0,0.517425,,118512.197,122686.065,3s2.3p5.(2P*<3/2>).4d,2[1/2]*,0,3s2.3p5.(2P*<3/2>).5f,2[3/2],1,1.0,3.0,,,,MCDHF
,2478.51745000211,,1120000.0,0.497633,,118651.395,122686.065,3s2.3p5.(2P*<3/2>).4d,2[1/2]*,1,3s2.3p5.(2P*<3/2>).5f,2[3/2],1,3.0,3.0,,,,MCDHF
,2478.30553294102,,959000.0,0.708711,,118651.395,122686.41,3s2.3p5.(2P*<3/2>).4d,2[1/2]*,1,3s2.3p5.(2P*<3/2>).5f,2[3/2],2,3.0,5.0,,,,MCDHF
,2465.03896856854,,488000.0,0.355248,,118651.395,122708.126,3s2.3p5.(2P*<3/2>).4d,2[1/2]*,1,3s2.3p5.(2P*<3/2>).5f,2[5/2],2,3.0,5.0,,,,MCDHF
,1822.8081051527,,62500.0,0.021671,,118651.395,124137.436,3s2.3p5.(2P*<3/2>).4d,2[1/2]*,1,3s2.3p5.(2P*<1/2>).5f,2[5/2],2,3.0,5.0,,,,MCDHF
,2331.18382643311,,301000.0,0.166502,,119847.77,124137.436,3s2.3p5.(2P*<3/2>).4d,2[3/2]*,1,3s2.3p5.(2P*<1/2>).5f,2[5/2],2,3.0,5.0,,,,MCDHF
,2630.53019651376,,166000.0,0.134021,,118906.611,122708.126,3s2.3p5.(2P*<3/2>).4d,2[3/2]*,2,3s2.3p5.(2P*<3/2>).5f,2[5/2],2,5.0,5.0,,,,MCDHF
,2131.0120645117,,141000.0,0.121334,,119444.83,124137.436,3s2.3p5.(2P*<3/2>).4d,2[5/2]*,2,3s2.3p5.(2P*<1/2>).5f,2[5/2],2,5.0,5.0,,,,MCDHF
,2827.6180809776,,214000.0,0.189556,,120600.8905,124137.436,3s2.3p5.(2P*<1/2>).4d,2[3/2]*,2,3s2.3p5.(2P*<1/2>).5f,2[5/2],2,5.0,5.0,,,,MCDHF
,1911.82546257095,,127000.0,0.066072,,118906.611,124137.214,3s2.3p5.(2P*<3/2>).4d,2[3/2]*,2,3s2.3p5.(2P*<1/2>).5f,2[5/2],3,5.0,7.0,,,,MCDHF
,2131.8147990157,,223000.0,0.268864,,119444.83,124135.669,3s2.3p5.(2P*<3/2>).4d,2[5/2]*,2,3s2.3p5.(2P*<1/2>).5f,2[7/2],3,5.0,7.0,,,,MCDHF
,2188.35667325143,,109000.0,0.138746,,119566.03,124135.669,3s2.3p5.(2P*<3/2>).4d,2[5/2]*,3,3s2.3p5.(2P*<1/2>).5f,2[7/2],3,7.0,7.0,,,,MCDHF
,2187.6170375115,,144000.0,0.183173,,119566.03,124137.214,3s2.3p5.(2P*<3/2>).4d,2[5/2]*,3,3s2.3p5.(2P*<1/2>).5f,2[5/2],3,7.0,7.0,,,,MCDHF
,2853.10530554903,,99100.0,0.151678,,119212.87,122717.823,3s2.3p5.(2P*<3/2>).4d,2[7/2]*,3,3s2.3p5.(2P*<3/2>).5f,2[7/2],3,7.0,7.0,,,,MCDHF
,2188.34278551527,,22900.0,0.042757,,119566.03,124135.698,3s2.3p5.(2P*<3/2>).4d,2[5/2]*,3,3s2.3p5.(2P*<1/2>).5f,2[7/2],4,7.0,9.0,,,,MCDHF
,2723.27520683956,,69400.0,0.100048,,119023.648,122695.697,3s2.3p5.(2P*<3/2>).4d,2[7/2]*,4,3s2.3p5.(2P*<3/2>).5f,2[9/2],4,9.0,9.0,,,,MCDHF
,2901.87905374368,,58400.0,0.060385,,120207.134,123653.177,3s2.3p5.(2P*<3/2>).4f,2[9/2],5,3s2.3p5.(2P*<3/2>).6d,2[7/2]*,4,11.0,9.0,,,,MCDHF