obs_wl_vac(nm),ritz_wl_vac(nm),intens,Aki(s^-1),S(a.u.),Acc,Ei(cm-1),Ek(cm-1),conf_i,term_i,J_i,conf_k,term_k,J_k,g_i,g_k,Type,
86.6800,86.6800,180,3.13E+08,3.02E-01,C+,0.0000,115366.866,3s2.3p6,1S,0,3s2.3p5.(2P*<1/2>).3d,2[3/2]*,1,1,3,,
86.9754,86.9754,150,3.5E+07,3.41E-02,C,0.0000,114975.019,3s2.3p6,1S,0,3s2.3p5.(2P*<1/2>).5s,2[1/2]*,1,1,3,,
87.6058,87.6058,180r,2.7E+08,2.69E-01,C+,0.0000,114147.732,3s2.3p6,1S,0,3s2.3p5.(2P*<3/2>).3d,2[3/2]*,1,1,3,,
87.9947,87.9947,180r,7.7E+07,7.8E-02,C,0.0000,113643.260,3s2.3p6,1S,0,3s2.3p5.(2P*<3/2>).5s,2[3/2]*,1,1,3,,
104.8220,104.8220,1000r,5.32E+08,9.07E-01,AA,0.0000,95399.8276,3s2.3p6,1S,0,3s2.3p5.(2P*<1/2>).4s,2[1/2]*,1,1,3,,
106.6660,106.6660,500r,1.32E+08,2.37E-01,A+,0.0000,93750.5978,3s2.3p6,1S,0,3s2.3p5.(2P*<3/2>).4s,2[3/2]*,1,1,3,,
,340.6180,,3.9E+05,7.6E-03,D,95399.8276,124749.805,3s2.3p5.(2P*<1/2>).4s,2[1/2]*,1,3s2.3p5.(2P*<1/2>).7p,2[1/2],0,3,1,,
346.107,346.1078,7,6.7E+04,6.9E-03,D,93750.5978,122635.054,3s2.3p5.(2P*<3/2>).4s,2[3/2]*,1,3s2.3p5.(2P*<1/2>).6p,2[3/2],2,3,5,,
355.4306,355.4305,7,2.7E+05,3E-02,D,93143.7600,121270.617,3s2.3p5.(2P*<3/2>).4s,2[3/2]*,2,3s2.3p5.(2P*<3/2>).6p,2[3/2],2,5,5,,
,356.3286,,1.2E+05,8E-03,D,94553.6652,122609.637,3s2.3p5.(2P*<1/2>).4s,2[1/2]*,0,3s2.3p5.(2P*<1/2>).6p,2[3/2],1,1,3,,
,356.7656,,1.1E+05,1.7E-02,D,93143.7600,121165.367,3s2.3p5.(2P*<3/2>).4s,2[3/2]*,2,3s2.3p5.(2P*<3/2>).6p,2[5/2],3,5,7,,
,357.2295,,5.1E+05,1.1E-02,D,95399.8276,123385.044,3s2.3p5.(2P*<1/2>).4s,2[1/2]*,1,3s2.3p5.(2P*<3/2>).7p,2[1/2],0,3,1,,
360.6522,360.6522,7,7.6E+05,1.8E-02,D,93750.5978,121470.238,3s2.3p5.(2P*<3/2>).4s,2[3/2]*,1,3s2.3p5.(2P*<3/2>).6p,2[1/2],0,3,1,,
,363.2683,,6.6E+04,7.8E-03,D,93750.5978,121270.617,3s2.3p5.(2P*<3/2>).4s,2[3/2]*,1,3s2.3p5.(2P*<3/2>).6p,2[3/2],2,3,5,,
,363.4460,,1.3E+05,9.2E-03,D,93750.5978,121257.161,3s2.3p5.(2P*<3/2>).4s,2[3/2]*,1,3s2.3p5.(2P*<3/2>).6p,2[3/2],1,3,3,,
,364.3116,,2.4E+04,2.9E-03,D,93750.5978,121191.805,3s2.3p5.(2P*<3/2>).4s,2[3/2]*,1,3s2.3p5.(2P*<3/2>).6p,2[5/2],2,3,5,,
,364.9832,,8E+05,1.9E-02,D,95399.8276,122790.547,3s2.3p5.(2P*<1/2>).4s,2[1/2]*,1,3s2.3p5.(2P*<1/2>).6p,2[1/2],0,3,1,,
,365.9529,,4.4E+04,3.2E-03,D,93750.5978,121068.736,3s2.3p5.(2P*<3/2>).4s,2[3/2]*,1,3s2.3p5.(2P*<3/2>).6p,2[1/2],1,3,3,,
,367.0670,,3.1E+04,3.8E-03,D,95399.8276,122635.054,3s2.3p5.(2P*<1/2>).4s,2[1/2]*,1,3s2.3p5.(2P*<1/2>).6p,2[3/2],2,3,5,,
,367.5235,,4.9E+04,3.6E-03,D,95399.8276,122601.225,3s2.3p5.(2P*<1/2>).4s,2[1/2]*,1,3s2.3p5.(2P*<1/2>).6p,2[1/2],1,3,3,,
377.0369,377.0369,20,7E+04,5.6E-03,D,94553.6652,121068.736,3s2.3p5.(2P*<1/2>).4s,2[1/2]*,0,3s2.3p5.(2P*<3/2>).6p,2[1/2],1,1,3,,
383.4679,383.4678,7,7.5E+05,2.1E-02,D,95399.8276,121470.238,3s2.3p5.(2P*<1/2>).4s,2[1/2]*,1,3s2.3p5.(2P*<3/2>).6p,2[1/2],0,3,1,,
,389.4660,,5.7E+04,5E-03,D,95399.8276,121068.736,3s2.3p5.(2P*<1/2>).4s,2[1/2]*,1,3s2.3p5.(2P*<3/2>).6p,2[1/2],1,3,3,,
394.7505,394.7505,7,5.6E+04,8.5E-03,C+,93143.7600,118469.0508,3s2.3p5.(2P*<3/2>).4s,2[3/2]*,2,3s2.3p5.(2P*<1/2>).5p,2[3/2],2,5,5,,
394.8979,394.8979,35,4.6E+05,4.2E-02,B,93143.7600,118459.5975,3s2.3p5.(2P*<3/2>).4s,2[3/2]*,2,3s2.3p5.(2P*<1/2>).5p,2[1/2],1,5,3,,
404.4418,404.4418,50,3.3E+05,5.4E-02,B,93750.5978,118469.0508,3s2.3p5.(2P*<3/2>).4s,2[3/2]*,1,3s2.3p5.(2P*<1/2>).5p,2[3/2],2,3,5,,
,404.5965,,4.1E+04,4E-03,B,93750.5978,118459.5975,3s2.3p5.(2P*<3/2>).4s,2[3/2]*,1,3s2.3p5.(2P*<1/2>).5p,2[1/2],1,3,3,,
,405.4526,,2.7E+04,2.7E-03,C+,93750.5978,118407.4303,3s2.3p5.(2P*<3/2>).4s,2[3/2]*,1,3s2.3p5.(2P*<1/2>).5p,2[3/2],1,3,3,,
415.8590,415.8591,400,1.4E+06,2.49E-01,B,93143.7600,117183.5901,3s2.3p5.(2P*<3/2>).4s,2[3/2]*,2,3s2.3p5.(2P*<3/2>).5p,2[3/2],2,5,5,,
416.4180,416.4180,50,2.9E+05,3.1E-02,B,93143.7600,117151.3264,3s2.3p5.(2P*<3/2>).4s,2[3/2]*,2,3s2.3p5.(2P*<3/2>).5p,2[3/2],1,5,3,,
418.1884,418.1884,50,5.6E+05,6.1E-02,B,94553.6652,118459.5975,3s2.3p5.(2P*<1/2>).4s,2[1/2]*,0,3s2.3p5.(2P*<1/2>).5p,2[1/2],1,1,3,,
419.0713,419.0713,100,2.8E+05,5.1E-02,B,93143.7600,116999.3259,3s2.3p5.(2P*<3/2>).4s,2[3/2]*,2,3s2.3p5.(2P*<3/2>).5p,2[5/2],2,5,5,,
419.1029,419.1029,50,5.4E+05,5.9E-02,C+,94553.6652,118407.4303,3s2.3p5.(2P*<1/2>).4s,2[1/2]*,0,3s2.3p5.(2P*<1/2>).5p,2[3/2],1,1,3,,
419.8317,419.8317,200,2.57E+06,9.4E-02,B,93750.5978,117562.9553,3s2.3p5.(2P*<3/2>).4s,2[3/2]*,1,3s2.3p5.(2P*<3/2>).5p,2[1/2],0,3,1,,
420.0674,420.0675,400,9.7E+05,2.48E-01,B+,93143.7600,116942.7542,3s2.3p5.(2P*<3/2>).4s,2[3/2]*,2,3s2.3p5.(2P*<3/2>).5p,2[5/2],3,5,7,,
425.1185,425.1185,25,1.11E+05,1.26E-02,C+,93143.7600,116659.9934,3s2.3p5.(2P*<3/2>).4s,2[3/2]*,2,3s2.3p5.(2P*<3/2>).5p,2[1/2],1,5,3,,
425.9362,425.9362,200,3.98E+06,1.52E-01,B+,95399.8276,118870.9170,3s2.3p5.(2P*<1/2>).4s,2[1/2]*,1,3s2.3p5.(2P*<1/2>).5p,2[1/2],0,3,1,,
426.6286,426.6287,100,3.1E+05,6E-02,C+,93750.5978,117183.5901,3s2.3p5.(2P*<3/2>).4s,2[3/2]*,1,3s2.3p5.(2P*<3/2>).5p,2[3/2],2,3,5,,
427.2169,427.2169,150,8E+05,9.2E-02,B,93750.5978,117151.3264,3s2.3p5.(2P*<3/2>).4s,2[3/2]*,1,3s2.3p5.(2P*<3/2>).5p,2[3/2],1,3,3,,
430.0101,430.0101,100,3.77E+05,7.4E-02,B+,93750.5978,116999.3259,3s2.3p5.(2P*<3/2>).4s,2[3/2]*,1,3s2.3p5.(2P*<3/2>).5p,2[5/2],2,3,5,,
433.3561,433.3561,100,5.7E+05,1.14E-01,B+,95399.8276,118469.0508,3s2.3p5.(2P*<1/2>).4s,2[1/2]*,1,3s2.3p5.(2P*<1/2>).5p,2[3/2],2,3,5,,
433.5338,433.5338,50,3.9E+05,4.7E-02,C+,95399.8276,118459.5975,3s2.3p5.(2P*<1/2>).4s,2[1/2]*,1,3s2.3p5.(2P*<1/2>).5p,2[1/2],1,3,3,,
434.5168,434.5168,25,3E+05,3.6E-02,B,95399.8276,118407.4303,3s2.3p5.(2P*<1/2>).4s,2[1/2]*,1,3s2.3p5.(2P*<1/2>).5p,2[3/2],1,3,3,,
,436.3795,,1.2E+04,1.48E-03,B,93750.5978,116659.9934,3s2.3p5.(2P*<3/2>).4s,2[3/2]*,1,3s2.3p5.(2P*<3/2>).5p,2[1/2],1,3,3,,
,442.3994,,7.3E+03,9.4E-04,C+,94553.6652,117151.3264,3s2.3p5.(2P*<1/2>).4s,2[1/2]*,0,3s2.3p5.(2P*<3/2>).5p,2[3/2],1,1,3,,
451.0733,451.0733,100,1.18E+06,5.3E-02,B+,95399.8276,117562.9553,3s2.3p5.(2P*<1/2>).4s,2[1/2]*,1,3s2.3p5.(2P*<3/2>).5p,2[1/2],0,3,1,,
452.2323,452.2323,20,9E+04,1.23E-02,B,94553.6652,116659.9934,3s2.3p5.(2P*<1/2>).4s,2[1/2]*,0,3s2.3p5.(2P*<3/2>).5p,2[1/2],1,1,3,,
,454.4746,,8.3E+04,1.2E-02,E,104102.0990,126099.36,3s2.3p5.(2P*<3/2>).4p,2[1/2],1,3s2.3p5.(2P*<3/2>).11d,2[1/2]*,1,3,3,,
,455.4324,,3.8E+04,8.9E-03,E,104102.0990,126053.10,3s2.3p5.(2P*<3/2>).4p,2[1/2],1,3s2.3p5.(2P*<1/2>).7d,2[3/2]*,2,3,5,,
,458.4956,,1.6E+05,3.8E-02,E,104102.0990,125906.45,3s2.3p5.(2P*<3/2>).4p,2[1/2],1,3s2.3p5.(2P*<3/2>).10d,2[3/2]*,2,3,5,,
,458.6611,,2.3E+05,3.3E-02,E,104102.0990,125898.58,3s2.3p5.(2P*<3/2>).4p,2[1/2],1,3s2.3p5.(2P*<3/2>).10d,2[1/2]*,1,3,3,,
,458.7209,,4.9E+05,2.3E-02,E,104102.0990,125895.74,3s2.3p5.(2P*<3/2>).4p,2[1/2],1,3s2.3p5.(2P*<3/2>).10d,2[1/2]*,0,3,1,,
,458.9289,,6.2E+03,1.5E-03,C,95399.8276,117183.5901,3s2.3p5.(2P*<1/2>).4s,2[1/2]*,1,3s2.3p5.(2P*<3/2>).5p,2[3/2],2,3,5,,
459.6097,459.6097,15,9.5E+04,1.36E-02,B,95399.8276,117151.3264,3s2.3p5.(2P*<1/2>).4s,2[1/2]*,1,3s2.3p5.(2P*<3/2>).5p,2[3/2],1,3,3,,
462.8441,462.8441,7,3.83E+04,9.4E-03,B+,95399.8276,116999.3259,3s2.3p5.(2P*<1/2>).4s,2[1/2]*,1,3s2.3p5.(2P*<3/2>).5p,2[5/2],2,3,5,,
,464.2137,,9.6E+04,2.4E-02,E,104102.0990,125637.87,3s2.3p5.(2P*<3/2>).4p,2[1/2],1,3s2.3p5.(2P*<3/2>).9d,2[3/2]*,2,3,5,,
,464.7489,,1.2E+05,1.8E-02,E,104102.0990,125613.07,3s2.3p5.(2P*<3/2>).4p,2[1/2],1,3s2.3p5.(2P*<3/2>).9d,2[1/2]*,1,3,3,,
470.2316,470.2316,15,1.09E+05,1.68E-02,B,95399.8276,116659.9934,3s2.3p5.(2P*<1/2>).4s,2[1/2]*,1,3s2.3p5.(2P*<3/2>).5p,2[1/2],1,3,3,,
,474.6821,,3.6E+05,1.9E-02,E,104102.0990,125162.94,3s2.3p5.(2P*<3/2>).4p,2[1/2],1,3s2.3p5.(2P*<3/2>).8d,2[1/2]*,0,3,1,,
,475.2939,,4.5E+05,7.2E-02,E,104102.0990,125135.831,3s2.3p5.(2P*<3/2>).4p,2[1/2],1,3s2.3p5.(2P*<3/2>).8d,2[1/2]*,1,3,3,,
,476.8673,,8.6E+05,2.3E-01,D,104102.0990,125066.432,3s2.3p5.(2P*<3/2>).4p,2[1/2],1,3s2.3p5.(2P*<1/2>).6d,2[3/2]*,2,3,5,,
,479.8742,,8.8E+04,4.3E-02,E,105462.7596,126295.73,3s2.3p5.(2P*<3/2>).4p,2[5/2],3,3s2.3p5.(2P*<3/2>).12d,2[7/2]*,4,7,9,,
,483.5970,,9.3E+04,4.7E-02,E,105462.7596,126135.36,3s2.3p5.(2P*<3/2>).4p,2[5/2],3,3s2.3p5.(2P*<3/2>).11d,2[7/2]*,4,7,9,,
,483.6697,,1.02E+05,2.85E-02,C,104102.0990,124771.59,3s2.3p5.(2P*<3/2>).4p,2[1/2],1,3s2.3p5.(2P*<3/2>).9s,2[3/2]*,2,3,5,,
,487.6261,,7.8E+05,2.2E-01,D,104102.0990,124603.890,3s2.3p5.(2P*<3/2>).4p,2[1/2],1,3s2.3p5.(2P*<3/2>).7d,2[3/2]*,2,3,5,,
,488.6290,,1.2E+05,6.2E-02,E,105462.7596,125922.47,3s2.3p5.(2P*<3/2>).4p,2[5/2],3,3s2.3p5.(2P*<3/2>).10d,2[7/2]*,4,7,9,,
,488.7947,,1.3E+06,2.2E-01,D,104102.0990,124554.874,3s2.3p5.(2P*<3/2>).4p,2[1/2],1,3s2.3p5.(2P*<3/2>).7d,2[1/2]*,1,3,3,,
,489.4691,,1.8E+06,1E-01,D,104102.0990,124526.695,3s2.3p5.(2P*<3/2>).4p,2[1/2],1,3s2.3p5.(2P*<3/2>).7d,2[1/2]*,0,3,1,,
,492.1034,,5.9E+04,2.4E-02,E,105617.2700,125932.53,3s2.3p5.(2P*<3/2>).4p,2[5/2],2,3s2.3p5.(2P*<3/2>).10d,2[7/2]*,3,5,7,,
,493.7720,,3.6E+04,1.1E-02,E,105462.7596,125709.37,3s2.3p5.(2P*<3/2>).4p,2[5/2],3,3s2.3p5.(2P*<3/2>).11s,2[3/2]*,2,7,5,,
,495.6750,,1.8E+05,9.7E-02,E,105462.7596,125631.64,3s2.3p5.(2P*<3/2>).4p,2[5/2],3,3s2.3p5.(2P*<3/2>).9d,2[7/2]*,4,7,9,,
,498.9943,,1.1E+05,4.7E-02,E,105617.2700,125651.99,3s2.3p5.(2P*<3/2>).4p,2[5/2],2,3s2.3p5.(2P*<3/2>).9d,2[7/2]*,3,5,7,,
,503.2024,,8.2E+04,2.6E-02,E,105462.7596,125329.94,3s2.3p5.(2P*<3/2>).4p,2[5/2],3,3s2.3p5.(2P*<3/2>).10s,2[3/2]*,2,7,5,,
,504.8811,,4.6E+05,1.5E-01,D,104102.0990,123903.220,3s2.3p5.(2P*<3/2>).4p,2[1/2],1,3s2.3p5.(2P*<3/2>).8s,2[3/2]*,2,3,5,,
,505.4176,,4.5E+05,8.6E-02,D,104102.0990,123882.203,3s2.3p5.(2P*<3/2>).4p,2[1/2],1,3s2.3p5.(2P*<1/2>).7s,2[1/2]*,1,3,3,,
,505.6529,,5.7E+05,3.6E-02,D,104102.0990,123873.000,3s2.3p5.(2P*<3/2>).4p,2[1/2],1,3s2.3p5.(2P*<1/2>).7s,2[1/2]*,0,3,1,,
,506.0079,,3.7E+05,2.1E-01,E,105462.7596,125219.788,3s2.3p5.(2P*<3/2>).4p,2[5/2],3,3s2.3p5.(2P*<3/2>).8d,2[7/2]*,4,7,9,,
,507.0977,,2.6E+05,5E-02,E,105617.2700,125331.84,3s2.3p5.(2P*<3/2>).4p,2[5/2],2,3s2.3p5.(2P*<3/2>).10s,2[3/2]*,1,5,3,,
,507.3076,,5.9E+04,1.9E-02,D,104102.0990,123808.513,3s2.3p5.(2P*<3/2>).4p,2[1/2],1,3s2.3p5.(2P*<3/2>).6d,2[3/2]*,2,3,5,,
,507.8033,,4.7E+04,2.1E-02,E,105462.7596,125149.937,3s2.3p5.(2P*<3/2>).4p,2[5/2],3,3s2.3p5.(2P*<1/2>).6d,2[5/2]*,3,7,7,,
,508.7084,,1.6E+05,7.3E-02,E,105617.2700,125269.42,3s2.3p5.(2P*<3/2>).4p,2[5/2],2,3s2.3p5.(2P*<3/2>).8d,2[7/2]*,3,5,7,,
,510.4729,,8.7E+04,2.9E-02,E,106087.2598,125671.48,3s2.3p5.(2P*<3/2>).4p,2[3/2],1,3s2.3p5.(2P*<3/2>).9d,2[5/2]*,2,3,5,,
,511.8202,,2.7E+05,1.3E-01,D+,105617.2700,125149.937,3s2.3p5.(2P*<3/2>).4p,2[5/2],2,3s2.3p5.(2P*<1/2>).6d,2[5/2]*,3,5,7,,
,512.7801,,3.3E+04,1.1E-02,D,105617.2700,125113.376,3s2.3p5.(2P*<3/2>).4p,2[5/2],2,3s2.3p5.(2P*<1/2>).6d,2[5/2]*,2,5,5,,
515.1391,515.1391,5,2.39E+06,1.61E-01,C,104102.0990,123508.927,3s2.3p5.(2P*<3/2>).4p,2[1/2],1,3s2.3p5.(2P*<3/2>).6d,2[1/2]*,0,3,1,,
,515.2303,,1.1E+05,3.7E-02,D,104102.0990,123505.4896,3s2.3p5.(2P*<3/2>).4p,2[1/2],1,3s2.3p5.(2P*<1/2>).5d,2[5/2]*,2,3,5,,
516.2285,516.2285,15,1.9E+06,3.87E-01,C,104102.0990,123467.9733,3s2.3p5.(2P*<3/2>).4p,2[1/2],1,3s2.3p5.(2P*<3/2>).6d,2[1/2]*,1,3,3,,
,517.7536,,2.4E+05,8.2E-02,D,105462.7596,124771.59,3s2.3p5.(2P*<3/2>).4p,2[5/2],3,3s2.3p5.(2P*<3/2>).9s,2[3/2]*,2,7,5,,
518.7746,518.7746,20,1.38E+06,4.76E-01,C,104102.0990,123372.9253,3s2.3p5.(2P*<3/2>).4p,2[1/2],1,3s2.3p5.(2P*<1/2>).5d,2[3/2]*,2,3,5,,
,519.2733,,1.2E+04,5.8E-03,D,105462.7596,124715.081,3s2.3p5.(2P*<3/2>).4p,2[5/2],3,3s2.3p5.(2P*<3/2>).7d,2[5/2]*,3,7,7,,
,519.4052,,7.8E+05,5.4E-02,D,106087.2598,125334.69,3s2.3p5.(2P*<3/2>).4p,2[3/2],1,3s2.3p5.(2P*<1/2>).8s,2[1/2]*,0,3,1,,
,521.0486,,1.1E+05,5.4E-02,D,105462.7596,124649.485,3s2.3p5.(2P*<3/2>).4p,2[5/2],3,3s2.3p5.(2P*<3/2>).7d,2[7/2]*,3,7,7,,
,521.4774,,2.1E+05,4.4E-02,D,105617.2700,124788.22,3s2.3p5.(2P*<3/2>).4p,2[5/2],2,3s2.3p5.(2P*<3/2>).7d,2[3/2]*,1,5,3,,
,521.6300,,1.3E+05,2.7E-02,D,105617.2700,124782.61,3s2.3p5.(2P*<3/2>).4p,2[5/2],2,3s2.3p5.(2P*<3/2>).9s,2[3/2]*,1,5,3,,
522.1271,522.1270,7,8.8E+05,5.6E-01,D,105462.7596,124609.856,3s2.3p5.(2P*<3/2>).4p,2[5/2],3,3s2.3p5.(2P*<3/2>).7d,2[7/2]*,4,7,9,,
,524.1093,,1.3E+05,4.6E-02,D,105617.2700,124691.951,3s2.3p5.(2P*<3/2>).4p,2[5/2],2,3s2.3p5.(2P*<3/2>).7d,2[5/2]*,2,5,5,,
,524.6198,,1.2E+05,6E-02,E,106237.5518,125293.67,3s2.3p5.(2P*<3/2>).4p,2[3/2],2,3s2.3p5.(2P*<3/2>).8d,2[5/2]*,3,5,7,,
,524.9165,,7.9E+04,2.8E-02,E,106237.5518,125282.90,3s2.3p5.(2P*<3/2>).4p,2[3/2],2,3s2.3p5.(2P*<3/2>).8d,2[3/2]*,2,5,5,,
,525.2787,,5.4E+05,2.7E-01,D,105617.2700,124649.485,3s2.3p5.(2P*<3/2>).4p,2[5/2],2,3s2.3p5.(2P*<3/2>).7d,2[7/2]*,3,5,7,,
,525.4471,,3.6E+05,1.3E-01,E,106087.2598,125113.376,3s2.3p5.(2P*<3/2>).4p,2[3/2],1,3s2.3p5.(2P*<1/2>).6d,2[5/2]*,2,3,5,,
,528.6069,,9.6E+04,4.9E-02,E,106237.5518,125149.937,3s2.3p5.(2P*<3/2>).4p,2[3/2],2,3s2.3p5.(2P*<1/2>).6d,2[5/2]*,3,5,7,,
,529.0015,,9E+04,2E-02,E,106237.5518,125135.831,3s2.3p5.(2P*<3/2>).4p,2[3/2],2,3s2.3p5.(2P*<3/2>).8d,2[1/2]*,1,5,3,,
,530.9513,,1.2E+05,4.4E-02,E,106237.5518,125066.432,3s2.3p5.(2P*<3/2>).4p,2[3/2],2,3s2.3p5.(2P*<1/2>).6d,2[3/2]*,2,5,5,,
,531.7715,,2.6E+05,1.4E-01,E,107289.7001,126089.54,3s2.3p5.(2P*<1/2>).4p,2[3/2],2,3s2.3p5.(2P*<1/2>).7d,2[5/2]*,3,5,7,,
,537.3494,,2.7E+05,1E-01,D,106087.2598,124691.951,3s2.3p5.(2P*<3/2>).4p,2[3/2],1,3s2.3p5.(2P*<3/2>).7d,2[5/2]*,2,3,5,,
,539.3979,,9.6E+04,3.7E-02,D,106237.5518,124771.59,3s2.3p5.(2P*<3/2>).4p,2[3/2],2,3s2.3p5.(2P*<3/2>).9s,2[3/2]*,2,5,5,,
,541.0475,,2E+05,1.1E-01,D,106237.5518,124715.081,3s2.3p5.(2P*<3/2>).4p,2[3/2],2,3s2.3p5.(2P*<3/2>).7d,2[5/2]*,3,5,7,,
542.1352,542.1351,5,6E+05,2.4E-01,D,105462.7596,123903.220,3s2.3p5.(2P*<3/2>).4p,2[5/2],3,3s2.3p5.(2P*<3/2>).8s,2[3/2]*,2,7,5,,
,543.9989,,1.9E+05,4.5E-02,D+,104102.0990,122479.3820,3s2.3p5.(2P*<3/2>).4p,2[1/2],1,3s2.3p5.(2P*<3/2>).7s,2[3/2]*,1,3,3,,
,544.2246,,9.3E+04,5.2E-02,D,105462.7596,123832.419,3s2.3p5.(2P*<3/2>).4p,2[5/2],3,3s2.3p5.(2P*<3/2>).6d,2[5/2]*,3,7,7,,
545.1652,545.1652,10,4.7E+05,1.9E-01,D+,104102.0990,122440.0672,3s2.3p5.(2P*<3/2>).4p,2[1/2],1,3s2.3p5.(2P*<3/2>).7s,2[3/2]*,2,3,5,,
,545.7416,,3.6E+05,8.7E-02,D,105617.2700,123935.870,3s2.3p5.(2P*<3/2>).4p,2[5/2],2,3s2.3p5.(2P*<3/2>).8s,2[3/2]*,1,5,3,,
,545.9651,,3.8E+04,2.1E-02,D,105462.7596,123773.8614,3s2.3p5.(2P*<3/2>).4p,2[5/2],3,3s2.3p5.(2P*<3/2>).6d,2[7/2]*,3,7,7,,
,546.7160,,7.6E+04,3.1E-02,D,105617.2700,123903.220,3s2.3p5.(2P*<3/2>).4p,2[5/2],2,3s2.3p5.(2P*<3/2>).8s,2[3/2]*,2,5,5,,
,547.3451,,2E+05,4.9E-02,D,105617.2700,123882.203,3s2.3p5.(2P*<3/2>).4p,2[5/2],2,3s2.3p5.(2P*<1/2>).7s,2[1/2]*,1,5,3,,
,549.0120,,8.5E+04,3.5E-02,D,105617.2700,123826.750,3s2.3p5.(2P*<3/2>).4p,2[5/2],2,3s2.3p5.(2P*<3/2>).6d,2[5/2]*,2,5,5,,
,549.2080,,5.6E+05,4.6E-02,E,107131.7086,125334.69,3s2.3p5.(2P*<1/2>).4p,2[3/2],1,3s2.3p5.(2P*<1/2>).8s,2[1/2]*,0,3,1,,
549.5874,549.5873,25,1.69E+06,1.25E+00,C,105462.7596,123653.177,3s2.3p5.(2P*<3/2>).4p,2[5/2],3,3s2.3p5.(2P*<3/2>).6d,2[7/2]*,4,7,9,,
550.6113,550.6112,5,3.6E+05,2.1E-01,D+,105617.2700,123773.8614,3s2.3p5.(2P*<3/2>).4p,2[5/2],2,3s2.3p5.(2P*<3/2>).6d,2[7/2]*,3,5,7,,
,552.4957,,1.7E+05,9.9E-02,D+,105462.7596,123557.4227,3s2.3p5.(2P*<3/2>).4p,2[5/2],3,3s2.3p5.(2P*<1/2>).5d,2[5/2]*,3,7,7,,
,552.8961,,1.2E+05,3E-02,E,107054.2720,125135.831,3s2.3p5.(2P*<3/2>).4p,2[1/2],0,3s2.3p5.(2P*<3/2>).8d,2[1/2]*,1,1,3,,
,553.4479,,2.7E+05,6.8E-02,D+,107289.7001,125353.23,3s2.3p5.(2P*<1/2>).4p,2[3/2],2,3s2.3p5.(2P*<1/2>).8s,2[1/2]*,1,5,3,,
,554.0860,,4.1E+04,1.7E-02,D,105462.7596,123505.4896,3s2.3p5.(2P*<3/2>).4p,2[5/2],3,3s2.3p5.(2P*<1/2>).5d,2[5/2]*,2,7,5,,
,555.2741,,7.9E+04,2E-02,E,107131.7086,125135.831,3s2.3p5.(2P*<1/2>).4p,2[3/2],1,3s2.3p5.(2P*<3/2>).8d,2[1/2]*,1,3,3,,
555.8702,555.8702,25,1.42E+06,6.02E-01,C,104102.0990,122086.9164,3s2.3p5.(2P*<3/2>).4p,2[1/2],1,3s2.3p5.(2P*<3/2>).5d,2[3/2]*,2,3,5,,
,555.9676,,2.2E+05,9.3E-02,D+,107131.7086,125113.376,3s2.3p5.(2P*<1/2>).4p,2[3/2],1,3s2.3p5.(2P*<1/2>).6d,2[5/2]*,2,3,5,,
557.2541,557.2541,10,6.6E+05,3.9E-01,C,105617.2700,123557.4227,3s2.3p5.(2P*<3/2>).4p,2[5/2],2,3s2.3p5.(2P*<1/2>).5d,2[5/2]*,3,5,7,,
,557.4228,,4.6E+04,2E-02,D,107131.7086,125066.432,3s2.3p5.(2P*<1/2>).4p,2[3/2],1,3s2.3p5.(2P*<1/2>).6d,2[3/2]*,2,3,5,,
,558.1871,,5.6E+04,2.4E-02,D+,105462.7596,123372.9253,3s2.3p5.(2P*<3/2>).4p,2[5/2],3,3s2.3p5.(2P*<1/2>).5d,2[3/2]*,2,7,5,,
,558.8720,,1.5E+05,6.5E-02,D+,105617.2700,123505.4896,3s2.3p5.(2P*<3/2>).4p,2[5/2],2,3s2.3p5.(2P*<1/2>).5d,2[5/2]*,2,5,5,,
,559.7476,,4.2E+05,2.5E-01,E,107289.7001,125149.937,3s2.3p5.(2P*<1/2>).4p,2[3/2],2,3s2.3p5.(2P*<1/2>).6d,2[5/2]*,3,5,7,,
560.6733,560.6733,35,2.2E+06,5.75E-01,C,104102.0990,121932.8477,3s2.3p5.(2P*<3/2>).4p,2[1/2],1,3s2.3p5.(2P*<3/2>).5d,2[1/2]*,1,3,3,,
,561.8014,,2.1E+05,5.5E-02,D,106087.2598,123882.203,3s2.3p5.(2P*<3/2>).4p,2[3/2],1,3s2.3p5.(2P*<1/2>).7s,2[1/2]*,1,3,3,,
,562.0921,,3.6E+05,3.2E-02,D,106087.2598,123873.000,3s2.3p5.(2P*<3/2>).4p,2[3/2],1,3s2.3p5.(2P*<1/2>).7s,2[1/2]*,0,3,1,,
,562.3770,,1.4E+05,6.2E-02,D,107289.7001,125066.432,3s2.3p5.(2P*<1/2>).4p,2[3/2],2,3s2.3p5.(2P*<1/2>).6d,2[3/2]*,2,5,5,,
,563.5576,,9.6E+04,4.2E-02,D,106087.2598,123826.750,3s2.3p5.(2P*<3/2>).4p,2[3/2],1,3s2.3p5.(2P*<3/2>).6d,2[5/2]*,2,3,5,,
,563.734,,9.1E+04,2.4E-02,D,107054.2720,124788.22,3s2.3p5.(2P*<3/2>).4p,2[1/2],0,3s2.3p5.(2P*<3/2>).7d,2[3/2]*,1,1,3,,
,563.912,,2.1E+05,5.6E-02,D,107054.2720,124782.61,3s2.3p5.(2P*<3/2>).4p,2[1/2],0,3s2.3p5.(2P*<3/2>).9s,2[3/2]*,1,1,3,,
,564.1376,,8.7E+04,3.9E-02,D,106087.2598,123808.513,3s2.3p5.(2P*<3/2>).4p,2[3/2],1,3s2.3p5.(2P*<3/2>).6d,2[3/2]*,2,3,5,,
,564.8687,,1.2E+05,3.2E-02,D,106237.5518,123935.870,3s2.3p5.(2P*<3/2>).4p,2[3/2],2,3s2.3p5.(2P*<3/2>).8s,2[3/2]*,1,5,3,,
565.0704,565.0704,20,3.2E+06,2.85E-01,C,104102.0990,121794.0988,3s2.3p5.(2P*<3/2>).4p,2[1/2],1,3s2.3p5.(2P*<3/2>).5d,2[1/2]*,0,3,1,,
,565.9127,,2.6E+05,1.2E-01,D,106237.5518,123903.220,3s2.3p5.(2P*<3/2>).4p,2[3/2],2,3s2.3p5.(2P*<3/2>).8s,2[3/2]*,2,5,5,,
,568.1899,,2E+05,1.3E-01,D,106237.5518,123832.419,3s2.3p5.(2P*<3/2>).4p,2[3/2],2,3s2.3p5.(2P*<3/2>).6d,2[5/2]*,3,5,7,,
,568.3730,,2E+05,9.1E-02,D,106237.5518,123826.750,3s2.3p5.(2P*<3/2>).4p,2[3/2],2,3s2.3p5.(2P*<3/2>).6d,2[5/2]*,2,5,5,,
,570.0872,,5.9E+05,3.8E-01,D,106237.5518,123773.8614,3s2.3p5.(2P*<3/2>).4p,2[3/2],2,3s2.3p5.(2P*<3/2>).6d,2[7/2]*,3,5,7,,
,571.2504,,8.7E+04,2.4E-02,D,107054.2720,124554.874,3s2.3p5.(2P*<3/2>).4p,2[1/2],0,3s2.3p5.(2P*<3/2>).7d,2[1/2]*,1,1,3,,
573.9520,573.9519,10,8.7E+05,4.1E-01,D,106087.2598,123505.4896,3s2.3p5.(2P*<3/2>).4p,2[3/2],1,3s2.3p5.(2P*<1/2>).5d,2[5/2]*,2,3,5,,
,577.2114,,2E+05,1.3E-01,D,106237.5518,123557.4227,3s2.3p5.(2P*<3/2>).4p,2[3/2],2,3s2.3p5.(2P*<1/2>).5d,2[5/2]*,3,5,7,,
,577.4008,,1.1E+05,5.2E-02,D,107289.7001,124603.890,3s2.3p5.(2P*<1/2>).4p,2[3/2],2,3s2.3p5.(2P*<3/2>).7d,2[3/2]*,2,5,5,,
,578.3536,,8.1E+04,3.9E-02,D,106087.2598,123372.9253,3s2.3p5.(2P*<3/2>).4p,2[3/2],1,3s2.3p5.(2P*<1/2>).5d,2[3/2]*,2,3,5,,
,578.9474,,4.6E+04,2.2E-02,D,106237.5518,123505.4896,3s2.3p5.(2P*<3/2>).4p,2[3/2],2,3s2.3p5.(2P*<1/2>).5d,2[5/2]*,2,5,5,,
,579.0401,,3.4E+04,9.8E-03,D,107289.7001,124554.874,3s2.3p5.(2P*<1/2>).4p,2[3/2],2,3s2.3p5.(2P*<3/2>).7d,2[1/2]*,1,5,3,,
,580.2080,,4.2E+05,1.2E-01,D,106237.5518,123467.9733,3s2.3p5.(2P*<3/2>).4p,2[3/2],2,3s2.3p5.(2P*<3/2>).6d,2[1/2]*,1,5,3,,
583.4263,583.4264,5,5.2E+05,2.6E-01,C,106237.5518,123372.9253,3s2.3p5.(2P*<3/2>).4p,2[3/2],2,3s2.3p5.(2P*<1/2>).5d,2[3/2]*,2,5,5,,
,584.3779,,3.3E+04,1.6E-02,D,107496.4166,124603.890,3s2.3p5.(2P*<1/2>).4p,2[1/2],1,3s2.3p5.(2P*<3/2>).7d,2[3/2]*,2,3,5,,
586.0310,586.0310,10,2.85E+05,8.5E-02,C,104102.0990,121161.3135,3s2.3p5.(2P*<3/2>).4p,2[1/2],1,3s2.3p5.(2P*<1/2>).6s,2[1/2]*,1,3,3,,
588.2624,588.2624,15,1.23E+06,1.24E-01,C,104102.0990,121096.605,3s2.3p5.(2P*<3/2>).4p,2[1/2],1,3s2.3p5.(2P*<1/2>).6s,2[1/2]*,0,3,1,,
588.8584,588.8584,25,1.29E+06,6.51E-01,C,105462.7596,122440.0672,3s2.3p5.(2P*<3/2>).4p,2[5/2],3,3s2.3p5.(2P*<3/2>).7s,2[3/2]*,2,7,5,,
591.2085,591.2085,50,1.05E+06,3.22E-01,C,104102.0990,121011.9198,3s2.3p5.(2P*<3/2>).4p,2[1/2],1,3s2.3p5.(2P*<1/2>).4d,2[3/2]*,1,3,3,,
,591.6598,,5.9E+04,1.8E-02,D,105617.2700,122514.192,3s2.3p5.(2P*<3/2>).4p,2[5/2],2,3s2.3p5.(2P*<3/2>).5d,2[3/2]*,1,5,3,,
,592.7125,,3.7E+04,2.7E-02,D+,105462.7596,122329.672,3s2.3p5.(2P*<3/2>).4p,2[5/2],3,3s2.3p5.(2P*<3/2>).5d,2[5/2]*,3,7,7,,
592.8813,592.8812,15,1.1E+06,3.4E-01,D+,105617.2700,122479.3820,3s2.3p5.(2P*<3/2>).4p,2[5/2],2,3s2.3p5.(2P*<3/2>).7s,2[3/2]*,1,5,3,,
,594.0855,,1.2E+05,3.7E-02,D,107054.2720,123882.203,3s2.3p5.(2P*<3/2>).4p,2[1/2],0,3s2.3p5.(2P*<1/2>).7s,2[1/2]*,1,1,3,,
594.2669,594.2668,5,1.8E+05,9.3E-02,D,105617.2700,122440.0672,3s2.3p5.(2P*<3/2>).4p,2[5/2],2,3s2.3p5.(2P*<3/2>).7s,2[3/2]*,2,5,5,,
,594.3888,,3.6E+04,1.9E-02,D,105462.7596,122282.104,3s2.3p5.(2P*<3/2>).4p,2[5/2],3,3s2.3p5.(2P*<3/2>).5d,2[5/2]*,2,7,5,,
,594.9259,,1.5E+05,4.7E-02,D,107131.7086,123935.870,3s2.3p5.(2P*<1/2>).4p,2[3/2],1,3s2.3p5.(2P*<3/2>).8s,2[3/2]*,1,3,3,,
,596.448,,7.7E+04,2.4E-02,D,107054.2720,123815.56,3s2.3p5.(2P*<3/2>).4p,2[1/2],0,3s2.3p5.(2P*<1/2>).5d,2[3/2]*,1,1,3,,
,596.8320,,1.8E+05,5.7E-02,D,107131.7086,123882.203,3s2.3p5.(2P*<1/2>).4p,2[3/2],1,3s2.3p5.(2P*<1/2>).7s,2[1/2]*,1,3,3,,
,597.1601,,1.1E+06,1.2E-01,D+,107131.7086,123873.000,3s2.3p5.(2P*<1/2>).4p,2[3/2],1,3s2.3p5.(2P*<1/2>).7s,2[1/2]*,0,3,1,,
,598.1923,,1.2E+04,8.9E-03,D,105617.2700,122329.672,3s2.3p5.(2P*<3/2>).4p,2[5/2],2,3s2.3p5.(2P*<3/2>).5d,2[5/2]*,3,5,7,,
598.7302,598.7301,7,1.2E+05,8.9E-02,D,105462.7596,122160.1502,3s2.3p5.(2P*<3/2>).4p,2[5/2],3,3s2.3p5.(2P*<3/2>).5d,2[7/2]*,3,7,7,,
,598.8144,,6.1E+04,3.2E-02,D,107131.7086,123826.750,3s2.3p5.(2P*<1/2>).4p,2[3/2],1,3s2.3p5.(2P*<3/2>).6d,2[5/2]*,2,3,5,,
,599.4692,,2.6E+04,1.4E-02,D,107131.7086,123808.513,3s2.3p5.(2P*<1/2>).4p,2[3/2],1,3s2.3p5.(2P*<3/2>).6d,2[3/2]*,2,3,5,,
599.8999,599.8998,5,1.4E+05,7.5E-02,D,105617.2700,122282.104,3s2.3p5.(2P*<3/2>).4p,2[5/2],2,3s2.3p5.(2P*<3/2>).5d,2[5/2]*,2,5,5,,
,600.5725,,1.4E+05,4.5E-02,D+,107289.7001,123935.870,3s2.3p5.(2P*<1/2>).4p,2[3/2],2,3s2.3p5.(2P*<3/2>).8s,2[3/2]*,1,5,3,,
,601.3677,,1.4E+05,7.5E-02,D+,105462.7596,122086.9164,3s2.3p5.(2P*<3/2>).4p,2[5/2],3,3s2.3p5.(2P*<3/2>).5d,2[3/2]*,2,7,5,,
602.5150,602.5150,5,9E+05,2.9E-01,D+,107289.7001,123882.203,3s2.3p5.(2P*<1/2>).4p,2[3/2],2,3s2.3p5.(2P*<1/2>).7s,2[1/2]*,1,5,3,,
603.2127,603.2127,70,2.46E+06,2.4E+00,C,105462.7596,122036.0704,3s2.3p5.(2P*<3/2>).4p,2[5/2],3,3s2.3p5.(2P*<3/2>).5d,2[7/2]*,4,7,9,,
604.3223,604.3223,35,1.47E+06,1.12E+00,C,105617.2700,122160.1502,3s2.3p5.(2P*<3/2>).4p,2[5/2],2,3s2.3p5.(2P*<3/2>).5d,2[7/2]*,3,5,7,,
605.2723,605.2723,10,1.9E+05,1E-01,D+,104102.0990,120619.0162,3s2.3p5.(2P*<3/2>).4p,2[1/2],1,3s2.3p5.(2P*<1/2>).4d,2[5/2]*,2,3,5,,
605.9372,605.9372,20,4.2E+05,2.3E-01,C,104102.0990,120600.8905,3s2.3p5.(2P*<3/2>).4p,2[1/2],1,3s2.3p5.(2P*<1/2>).4d,2[3/2]*,2,3,5,,
,606.4750,,5.8E+04,4.5E-02,D,107289.7001,123773.8614,3s2.3p5.(2P*<1/2>).4p,2[3/2],2,3s2.3p5.(2P*<3/2>).6d,2[7/2]*,3,5,7,,
,608.1244,,7.5E+04,2.5E-02,D,107496.4166,123935.870,3s2.3p5.(2P*<1/2>).4p,2[1/2],1,3s2.3p5.(2P*<3/2>).8s,2[3/2]*,1,3,3,,
,608.5879,,9E+03,3E-03,,106087.2598,122514.192,3s2.3p5.(2P*<3/2>).4p,2[3/2],1,3s2.3p5.(2P*<3/2>).5d,2[3/2]*,1,3,3,,
,609.0785,,3E+05,1E-01,D,107054.2720,123467.9733,3s2.3p5.(2P*<3/2>).4p,2[1/2],0,3s2.3p5.(2P*<3/2>).6d,2[1/2]*,1,1,3,,
609.8803,609.8803,7,5.2E+05,1.7E-01,D+,106087.2598,122479.3820,3s2.3p5.(2P*<3/2>).4p,2[3/2],1,3s2.3p5.(2P*<3/2>).7s,2[3/2]*,1,3,3,,
,610.1161,,3.3E+05,1.1E-01,D+,107496.4166,123882.203,3s2.3p5.(2P*<1/2>).4p,2[1/2],1,3s2.3p5.(2P*<1/2>).7s,2[1/2]*,1,3,3,,
,610.4590,,3.4E+05,3.8E-02,D,107496.4166,123873.000,3s2.3p5.(2P*<1/2>).4p,2[1/2],1,3s2.3p5.(2P*<1/2>).7s,2[1/2]*,0,3,1,,
610.5635,610.5635,10,1.21E+06,6.8E-01,C,107131.7086,123505.4896,3s2.3p5.(2P*<1/2>).4p,2[3/2],1,3s2.3p5.(2P*<1/2>).5d,2[5/2]*,2,3,5,,
,611.3466,,4.7E+04,2.7E-02,D+,106087.2598,122440.0672,3s2.3p5.(2P*<3/2>).4p,2[3/2],1,3s2.3p5.(2P*<3/2>).7s,2[3/2]*,2,3,5,,
,611.9656,,5.1E+04,1.7E-02,D+,107131.7086,123467.9733,3s2.3p5.(2P*<1/2>).4p,2[3/2],1,3s2.3p5.(2P*<3/2>).6d,2[1/2]*,1,3,3,,
,612.1879,,1.3E+04,7.4E-03,D,107496.4166,123826.750,3s2.3p5.(2P*<1/2>).4p,2[1/2],1,3s2.3p5.(2P*<3/2>).6d,2[5/2]*,2,3,5,,
,612.7416,,1.1E+05,3.8E-02,D+,105617.2700,121932.8477,3s2.3p5.(2P*<3/2>).4p,2[5/2],2,3s2.3p5.(2P*<3/2>).5d,2[1/2]*,1,5,3,,
,612.8724,,8.6E+04,4.9E-02,D,107496.4166,123808.513,3s2.3p5.(2P*<1/2>).4p,2[1/2],1,3s2.3p5.(2P*<3/2>).6d,2[3/2]*,2,3,5,,
614.5441,614.5441,10,7.6E+05,6.1E-01,C,107289.7001,123557.4227,3s2.3p5.(2P*<1/2>).4p,2[3/2],2,3s2.3p5.(2P*<1/2>).5d,2[5/2]*,3,5,7,,
,615.5238,,5.1E+05,1.8E-01,D,106237.5518,122479.3820,3s2.3p5.(2P*<3/2>).4p,2[3/2],2,3s2.3p5.(2P*<3/2>).7s,2[3/2]*,1,5,3,,
,616.5123,,9.89E+04,5.72E-02,C,107289.7001,123505.4896,3s2.3p5.(2P*<1/2>).4p,2[3/2],2,3s2.3p5.(2P*<1/2>).5d,2[5/2]*,2,5,5,,
617.0174,617.0174,7,5E+05,2.9E-01,C,106237.5518,122440.0672,3s2.3p5.(2P*<3/2>).4p,2[3/2],2,3s2.3p5.(2P*<3/2>).7s,2[3/2]*,2,5,5,,
617.3096,617.3096,10,6.7E+05,3.9E-01,C,106087.2598,122282.104,3s2.3p5.(2P*<3/2>).4p,2[3/2],1,3s2.3p5.(2P*<3/2>).5d,2[5/2]*,2,3,5,,
,617.9419,,6.6E+04,2.3E-02,D,107289.7001,123467.9733,3s2.3p5.(2P*<1/2>).4p,2[3/2],2,3s2.3p5.(2P*<3/2>).6d,2[1/2]*,1,5,3,,
621.2503,621.2503,10,3.9E+05,3.2E-01,D+,106237.5518,122329.672,3s2.3p5.(2P*<3/2>).4p,2[3/2],2,3s2.3p5.(2P*<3/2>).5d,2[5/2]*,3,5,7,,
621.5938,621.5939,5,5.7E+05,3.4E-01,D+,107289.7001,123372.9253,3s2.3p5.(2P*<1/2>).4p,2[3/2],2,3s2.3p5.(2P*<1/2>).5d,2[3/2]*,2,5,5,,
,623.0921,,1.2E+04,7.2E-03,D,106237.5518,122282.104,3s2.3p5.(2P*<3/2>).4p,2[3/2],2,3s2.3p5.(2P*<3/2>).5d,2[5/2]*,2,5,5,,
,624.3390,,1.3E+05,1.6E-02,D,107496.4166,123508.927,3s2.3p5.(2P*<1/2>).4p,2[1/2],1,3s2.3p5.(2P*<3/2>).6d,2[1/2]*,0,3,1,,
,624.4730,,2E+04,1.2E-02,D,107496.4166,123505.4896,3s2.3p5.(2P*<1/2>).4p,2[1/2],1,3s2.3p5.(2P*<1/2>).5d,2[5/2]*,2,3,5,,
,624.8406,,6.8E+04,4.1E-02,D,106087.2598,122086.9164,3s2.3p5.(2P*<3/2>).4p,2[3/2],1,3s2.3p5.(2P*<3/2>).5d,2[3/2]*,2,3,5,,
,627.8645,,2E+04,1.7E-02,D,106237.5518,122160.1502,3s2.3p5.(2P*<3/2>).4p,2[3/2],2,3s2.3p5.(2P*<3/2>).5d,2[7/2]*,3,5,7,,
629.6872,629.6873,7,9E+05,5.5E-01,D+,107496.4166,123372.9253,3s2.3p5.(2P*<1/2>).4p,2[1/2],1,3s2.3p5.(2P*<1/2>).5d,2[3/2]*,2,3,5,,
630.7657,630.7657,15,6E+05,3.7E-01,D+,106237.5518,122086.9164,3s2.3p5.(2P*<3/2>).4p,2[3/2],2,3s2.3p5.(2P*<3/2>).5d,2[3/2]*,2,5,5,,
,630.9160,,7.6E+04,2.8E-02,D,106087.2598,121932.8477,3s2.3p5.(2P*<3/2>).4p,2[3/2],1,3s2.3p5.(2P*<3/2>).5d,2[1/2]*,1,3,3,,
,636.4894,,5.6E+05,7.1E-02,D+,106087.2598,121794.0988,3s2.3p5.(2P*<3/2>).4p,2[3/2],1,3s2.3p5.(2P*<3/2>).5d,2[1/2]*,0,3,1,,
636.9575,636.9575,7,4.2E+05,1.6E-01,D+,106237.5518,121932.8477,3s2.3p5.(2P*<3/2>).4p,2[3/2],2,3s2.3p5.(2P*<3/2>).5d,2[1/2]*,1,5,3,,
638.4717,638.4717,20,4.21E+05,1.62E-01,C,104102.0990,119760.1725,3s2.3p5.(2P*<3/2>).4p,2[1/2],1,3s2.3p5.(2P*<3/2>).6s,2[3/2]*,1,3,3,,
641.6307,641.6307,70,1.16E+06,7.57E-01,C,104102.0990,119683.0821,3s2.3p5.(2P*<3/2>).4p,2[1/2],1,3s2.3p5.(2P*<3/2>).6s,2[3/2]*,2,3,5,,
,643.1555,,5.1E+04,2E-02,D,105617.2700,121161.3135,3s2.3p5.(2P*<3/2>).4p,2[5/2],2,3s2.3p5.(2P*<1/2>).6s,2[1/2]*,1,5,3,,
,646.6552,,1.5E+05,6E-02,D,107054.2720,122514.192,3s2.3p5.(2P*<3/2>).4p,2[1/2],0,3s2.3p5.(2P*<3/2>).5d,2[3/2]*,1,1,3,,
,648.1145,,9.4E+04,3.8E-02,D,107054.2720,122479.3820,3s2.3p5.(2P*<3/2>).4p,2[1/2],0,3s2.3p5.(2P*<3/2>).7s,2[3/2]*,1,1,3,,
,649.3969,,3.1E+04,1.3E-02,D,105617.2700,121011.9198,3s2.3p5.(2P*<3/2>).4p,2[5/2],2,3s2.3p5.(2P*<1/2>).4d,2[3/2]*,1,5,3,,
,651.3846,,5.4E+04,2.2E-02,D,107131.7086,122479.3820,3s2.3p5.(2P*<1/2>).4p,2[3/2],1,3s2.3p5.(2P*<3/2>).7s,2[3/2]*,1,3,3,,
653.8112,653.8112,15,1.1E+05,1.1E-01,D+,105462.7596,120753.4714,3s2.3p5.(2P*<3/2>).4p,2[5/2],3,3s2.3p5.(2P*<1/2>).4d,2[5/2]*,3,7,7,,
,659.6113,,2.3E+04,1.6E-02,D,105462.7596,120619.0162,3s2.3p5.(2P*<3/2>).4p,2[5/2],3,3s2.3p5.(2P*<1/2>).4d,2[5/2]*,2,7,5,,
,659.8678,,3.6E+04,2.6E-02,D,107289.7001,122440.0672,3s2.3p5.(2P*<1/2>).4p,2[3/2],2,3s2.3p5.(2P*<3/2>).7s,2[3/2]*,2,5,5,,
,660.4011,,2.8E+05,2E-01,D+,105462.7596,120600.8905,3s2.3p5.(2P*<3/2>).4p,2[5/2],3,3s2.3p5.(2P*<1/2>).4d,2[3/2]*,2,7,5,,
660.4853,660.4853,15,1.3E+04,1.3E-02,D,105617.2700,120753.4714,3s2.3p5.(2P*<3/2>).4p,2[5/2],2,3s2.3p5.(2P*<1/2>).4d,2[5/2]*,3,5,7,,
,663.2084,,5.3E+04,2.3E-02,D,106087.2598,121161.3135,3s2.3p5.(2P*<3/2>).4p,2[3/2],1,3s2.3p5.(2P*<1/2>).6s,2[1/2]*,1,3,3,,
,665.6938,,3.1E+04,1.4E-02,D,107496.4166,122514.192,3s2.3p5.(2P*<1/2>).4p,2[1/2],1,3s2.3p5.(2P*<3/2>).5d,2[3/2]*,1,3,3,,
666.0676,666.0677,5,7.8E+05,1.1E-01,D,106087.2598,121096.605,3s2.3p5.(2P*<3/2>).4p,2[3/2],1,3s2.3p5.(2P*<1/2>).6s,2[1/2]*,0,3,1,,
666.4051,666.4051,5,1.5E+05,1.1E-01,D+,105617.2700,120619.0162,3s2.3p5.(2P*<3/2>).4p,2[5/2],2,3s2.3p5.(2P*<1/2>).4d,2[5/2]*,2,5,5,,
667.7282,667.7281,100,2.36E+05,3.5E-02,B,93750.5978,108722.6194,3s2.3p5.(2P*<3/2>).4s,2[3/2]*,1,3s2.3p5.(2P*<1/2>).4p,2[1/2],0,3,1,,
,668.4788,,3.9E+04,2.9E-02,D,107131.7086,122086.9164,3s2.3p5.(2P*<1/2>).4p,2[3/2],1,3s2.3p5.(2P*<3/2>).5d,2[3/2]*,2,3,5,,
,669.8471,,2.5E+04,1.1E-02,D,106087.2598,121011.9198,3s2.3p5.(2P*<3/2>).4p,2[3/2],1,3s2.3p5.(2P*<1/2>).4d,2[3/2]*,1,3,3,,
,669.8874,,1.6E+05,7.1E-02,D+,106237.5518,121161.3135,3s2.3p5.(2P*<3/2>).4p,2[3/2],2,3s2.3p5.(2P*<1/2>).6s,2[1/2]*,1,5,3,,
,671.9219,,2.4E+05,1.1E-01,D,107054.2720,121932.8477,3s2.3p5.(2P*<3/2>).4p,2[1/2],0,3s2.3p5.(2P*<3/2>).5d,2[1/2]*,1,1,3,,
,672.2890,,3.2E+04,3.4E-02,D,107289.7001,122160.1502,3s2.3p5.(2P*<1/2>).4p,2[3/2],2,3s2.3p5.(2P*<3/2>).5d,2[7/2]*,3,5,7,,
675.2834,675.2834,150,1.93E+06,1.47E+00,C,104102.0990,118906.6110,3s2.3p5.(2P*<3/2>).4p,2[1/2],1,3s2.3p5.(2P*<3/2>).4d,2[3/2]*,2,3,5,,
,675.4372,,2.1E+05,9.6E-02,D,107131.7086,121932.8477,3s2.3p5.(2P*<1/2>).4p,2[3/2],1,3s2.3p5.(2P*<3/2>).5d,2[1/2]*,1,3,3,,
675.6163,675.6163,5,3.6E+05,2.7E-01,D+,107289.7001,122086.9164,3s2.3p5.(2P*<1/2>).4p,2[3/2],2,3s2.3p5.(2P*<3/2>).5d,2[3/2]*,2,5,5,,
676.6612,676.6611,15,4E+05,1.8E-01,D+,106237.5518,121011.9198,3s2.3p5.(2P*<3/2>).4p,2[3/2],2,3s2.3p5.(2P*<1/2>).4d,2[3/2]*,1,5,3,,
,677.9926,,1.21E+05,5.59E-02,C,108722.6194,123467.9733,3s2.3p5.(2P*<1/2>).4p,2[1/2],0,3s2.3p5.(2P*<3/2>).6d,2[1/2]*,1,1,3,,
,681.8289,,2E+05,3.1E-02,D,107131.7086,121794.0988,3s2.3p5.(2P*<1/2>).4p,2[3/2],1,3s2.3p5.(2P*<3/2>).5d,2[1/2]*,0,3,1,,
,682.7249,,2.4E+05,1.1E-01,D,107289.7001,121932.8477,3s2.3p5.(2P*<1/2>).4p,2[3/2],2,3s2.3p5.(2P*<3/2>).5d,2[1/2]*,1,5,3,,
,685.1884,,6.7E+04,5.3E-02,D,107496.4166,122086.9164,3s2.3p5.(2P*<1/2>).4p,2[1/2],1,3s2.3p5.(2P*<3/2>).5d,2[3/2]*,2,3,5,,
687.1289,687.1289,150,2.78E+06,1.34E+00,C,104102.0990,118651.3950,3s2.3p5.(2P*<3/2>).4p,2[1/2],1,3s2.3p5.(2P*<3/2>).4d,2[1/2]*,1,3,3,,
687.9582,687.9583,5,1.8E+05,1.4E-01,D+,106087.2598,120619.0162,3s2.3p5.(2P*<3/2>).4p,2[3/2],1,3s2.3p5.(2P*<1/2>).4d,2[5/2]*,2,3,5,,
,688.7088,,1.3E+05,1.5E-01,D+,106237.5518,120753.4714,3s2.3p5.(2P*<3/2>).4p,2[3/2],2,3s2.3p5.(2P*<1/2>).4d,2[5/2]*,3,5,7,,
688.8174,688.8174,10,2.5E+05,2E-01,D+,106087.2598,120600.8905,3s2.3p5.(2P*<3/2>).4p,2[3/2],1,3s2.3p5.(2P*<1/2>).4d,2[3/2]*,2,3,5,,
,692.5009,,1.2E+05,5.9E-02,D+,107496.4166,121932.8477,3s2.3p5.(2P*<1/2>).4p,2[1/2],1,3s2.3p5.(2P*<3/2>).5d,2[1/2]*,1,3,3,,
693.7664,693.7664,50,3.08E+06,5.08E-01,C,104102.0990,118512.197,3s2.3p5.(2P*<3/2>).4p,2[1/2],1,3s2.3p5.(2P*<3/2>).4d,2[1/2]*,0,3,1,,
695.1478,695.1477,7,2.2E+05,1.8E-01,D,106237.5518,120619.0162,3s2.3p5.(2P*<3/2>).4p,2[3/2],2,3s2.3p5.(2P*<1/2>).4d,2[5/2]*,2,5,5,,
696.0250,696.0250,7,2.4E+05,2E-01,D,106237.5518,120600.8905,3s2.3p5.(2P*<3/2>).4p,2[3/2],2,3s2.3p5.(2P*<1/2>).4d,2[3/2]*,2,5,5,,
696.5431,696.5430,10000,6.4E+06,3.2E+00,B+,93143.7600,107496.4166,3s2.3p5.(2P*<3/2>).4s,2[3/2]*,2,3s2.3p5.(2P*<1/2>).4p,2[1/2],1,5,3,,
,699.2212,,7.5E+05,1.3E-01,D+,107496.4166,121794.0988,3s2.3p5.(2P*<1/2>).4p,2[1/2],1,3s2.3p5.(2P*<3/2>).5d,2[1/2]*,0,3,1,,
703.0251,703.0251,150,2.67E+06,2.29E+00,C,105462.7596,119683.0821,3s2.3p5.(2P*<3/2>).4p,2[5/2],3,3s2.3p5.(2P*<3/2>).6s,2[3/2]*,2,7,5,,
706.7218,706.7217,10000,3.8E+06,3.3E+00,B,93143.7600,107289.7001,3s2.3p5.(2P*<3/2>).4s,2[3/2]*,2,3s2.3p5.(2P*<1/2>).4p,2[3/2],2,5,5,,
706.8736,706.8735,100,2E+06,1E+00,D+,105617.2700,119760.1725,3s2.3p5.(2P*<3/2>).4p,2[5/2],2,3s2.3p5.(2P*<3/2>).6s,2[3/2]*,1,5,3,,
,708.6705,,1.5E+05,7.9E-02,D+,107054.2720,121161.3135,3s2.3p5.(2P*<3/2>).4p,2[1/2],0,3s2.3p5.(2P*<1/2>).6s,2[1/2]*,1,1,3,,
710.7478,710.7477,25,4.5E+05,4E-01,D+,105617.2700,119683.0821,3s2.3p5.(2P*<3/2>).4p,2[5/2],2,3s2.3p5.(2P*<3/2>).6s,2[3/2]*,2,5,5,,
712.5820,712.5820,25,6E+05,3.2E-01,D+,107131.7086,121161.3135,3s2.3p5.(2P*<1/2>).4p,2[3/2],1,3s2.3p5.(2P*<1/2>).6s,2[1/2]*,1,3,3,,
714.7042,714.7041,1000,6.3E+05,3.4E-01,B,93143.7600,107131.7086,3s2.3p5.(2P*<3/2>).4s,2[3/2]*,2,3s2.3p5.(2P*<1/2>).4p,2[3/2],1,5,3,,
715.8839,715.8839,15,2.1E+06,3.8E-01,D+,107131.7086,121096.605,3s2.3p5.(2P*<1/2>).4p,2[3/2],1,3s2.3p5.(2P*<1/2>).6s,2[1/2]*,0,3,1,,
,716.2557,,5.8E+04,3.2E-02,D,107054.2720,121011.9198,3s2.3p5.(2P*<3/2>).4p,2[1/2],0,3s2.3p5.(2P*<1/2>).4d,2[3/2]*,1,1,3,,
720.6980,720.6980,70,2.48E+06,1.38E+00,C,107289.7001,121161.3135,3s2.3p5.(2P*<1/2>).4p,2[3/2],2,3s2.3p5.(2P*<1/2>).6s,2[1/2]*,1,5,3,,
,722.994,,6.6E+04,6.2E-02,D,105617.2700,119444.83,3s2.3p5.(2P*<3/2>).4p,2[5/2],2,3s2.3p5.(2P*<3/2>).4d,2[5/2]*,2,5,5,,
726.5172,726.517,15,1.7E+05,9.7E-02,D,106087.2598,119847.77,3s2.3p5.(2P*<3/2>).4p,2[3/2],1,3s2.3p5.(2P*<3/2>).4d,2[3/2]*,1,3,3,,
727.0664,727.067,7,1.1E+05,1.5E-01,D,105462.7596,119212.87,3s2.3p5.(2P*<3/2>).4p,2[5/2],3,3s2.3p5.(2P*<3/2>).4d,2[7/2]*,3,7,7,,
727.2936,727.2935,2000,1.83E+06,1.04E+00,B+,93750.5978,107496.4166,3s2.3p5.(2P*<3/2>).4s,2[3/2]*,1,3s2.3p5.(2P*<1/2>).4p,2[1/2],1,3,3,,
,728.5443,,1.2E+05,6.9E-02,D,107289.7001,121011.9198,3s2.3p5.(2P*<1/2>).4p,2[3/2],2,3s2.3p5.(2P*<1/2>).4d,2[3/2]*,1,5,3,,
731.1716,731.1716,35,1.7E+06,9.8E-01,D+,106087.2598,119760.1725,3s2.3p5.(2P*<3/2>).4p,2[3/2],1,3s2.3p5.(2P*<3/2>).6s,2[3/2]*,1,3,3,,
731.6005,731.6005,25,9.6E+05,5.6E-01,D+,107496.4166,121161.3135,3s2.3p5.(2P*<1/2>).4p,2[1/2],1,3s2.3p5.(2P*<1/2>).6s,2[1/2]*,1,3,3,,
735.0814,735.0814,5,1.2E+06,2.4E-01,D+,107496.4166,121096.605,3s2.3p5.(2P*<1/2>).4p,2[1/2],1,3s2.3p5.(2P*<1/2>).6s,2[1/2]*,0,3,1,,
,735.3175,,2.1E+05,2.1E-01,E,106087.2598,119683.0821,3s2.3p5.(2P*<3/2>).4p,2[3/2],1,3s2.3p5.(2P*<3/2>).6s,2[3/2]*,2,3,5,,
735.3293,735.330,70,9.6E+05,1.3E+00,D+,105617.2700,119212.87,3s2.3p5.(2P*<3/2>).4p,2[5/2],2,3s2.3p5.(2P*<3/2>).4d,2[7/2]*,3,5,7,,
737.2118,737.2117,200,1.9E+06,3.4E+00,D+,105462.7596,119023.648,3s2.3p5.(2P*<3/2>).4p,2[5/2],3,3s2.3p5.(2P*<3/2>).4d,2[7/2]*,4,7,9,,
738.3980,738.3980,10000,8.5E+06,8.4E+00,B,93750.5978,107289.7001,3s2.3p5.(2P*<3/2>).4s,2[3/2]*,1,3s2.3p5.(2P*<1/2>).4p,2[3/2],2,3,5,,
739.2980,739.2980,20,7.2E+05,4.3E-01,D+,106237.5518,119760.1725,3s2.3p5.(2P*<3/2>).4p,2[3/2],2,3s2.3p5.(2P*<3/2>).6s,2[3/2]*,1,5,3,,
741.2337,741.2337,15,3.9E+05,3.9E-01,D+,107131.7086,120619.0162,3s2.3p5.(2P*<1/2>).4p,2[3/2],1,3s2.3p5.(2P*<1/2>).4d,2[5/2]*,2,3,5,,
,742.2312,,6.6E+04,6.7E-02,D,107131.7086,120600.8905,3s2.3p5.(2P*<1/2>).4p,2[3/2],1,3s2.3p5.(2P*<1/2>).4d,2[3/2]*,2,3,5,,
742.5294,742.5294,10,3.1E+05,4.4E-01,D,107289.7001,120753.4714,3s2.3p5.(2P*<1/2>).4p,2[3/2],2,3s2.3p5.(2P*<1/2>).4d,2[5/2]*,3,5,7,,
743.5368,743.5368,25,9E+05,9.1E-01,D+,106237.5518,119683.0821,3s2.3p5.(2P*<3/2>).4p,2[3/2],2,3s2.3p5.(2P*<3/2>).6s,2[3/2]*,2,5,5,,
743.6297,743.6297,10,2.7E+05,2.7E-01,D,105462.7596,118906.6110,3s2.3p5.(2P*<3/2>).4p,2[5/2],3,3s2.3p5.(2P*<3/2>).4d,2[3/2]*,2,7,5,,
,747.1164,,2.2E+04,1.36E-02,B,93750.5978,107131.7086,3s2.3p5.(2P*<3/2>).4s,2[3/2]*,1,3s2.3p5.(2P*<1/2>).4p,2[3/2],1,3,3,,
,748.433,,3.4E+05,3.5E-01,D+,106087.2598,119444.83,3s2.3p5.(2P*<3/2>).4p,2[3/2],1,3s2.3p5.(2P*<3/2>).4d,2[5/2]*,2,3,5,,
750.3869,750.3868,20000,4.5E+07,9.3E+00,B,95399.8276,108722.6194,3s2.3p5.(2P*<1/2>).4s,2[1/2]*,1,3s2.3p5.(2P*<1/2>).4p,2[1/2],0,3,1,,
,751.0408,,4.5E+05,4.7E-01,D,107289.7001,120600.8905,3s2.3p5.(2P*<1/2>).4p,2[3/2],2,3s2.3p5.(2P*<1/2>).4d,2[3/2]*,2,5,5,,
751.4652,751.4651,15000,4E+07,8.4E+00,B,93750.5978,107054.2720,3s2.3p5.(2P*<3/2>).4s,2[3/2]*,1,3s2.3p5.(2P*<3/2>).4p,2[1/2],0,3,1,,
,761.8344,,2.9E+05,3.2E-01,D,107496.4166,120619.0162,3s2.3p5.(2P*<1/2>).4p,2[1/2],1,3s2.3p5.(2P*<1/2>).4d,2[5/2]*,2,3,5,,
,762.8882,,2.9E+05,3.2E-01,D,107496.4166,120600.8905,3s2.3p5.(2P*<1/2>).4p,2[1/2],1,3s2.3p5.(2P*<1/2>).4d,2[3/2]*,2,3,5,,
763.5106,763.5105,25000,2.45E+07,2.69E+01,B,93143.7600,106237.5518,3s2.3p5.(2P*<3/2>).4s,2[3/2]*,2,3s2.3p5.(2P*<3/2>).4p,2[3/2],2,5,5,,
,767.0057,,2.8E+05,1.9E-01,D,105617.2700,118651.3950,3s2.3p5.(2P*<3/2>).4p,2[5/2],2,3s2.3p5.(2P*<3/2>).4d,2[1/2]*,1,5,3,,
,770.482,,6.3E+04,1E-01,D,106237.5518,119212.87,3s2.3p5.(2P*<3/2>).4p,2[3/2],2,3s2.3p5.(2P*<3/2>).4d,2[7/2]*,3,5,7,,
772.3761,772.3760,15000,5.2E+06,3.54E+00,B+,93143.7600,106087.2598,3s2.3p5.(2P*<3/2>).4s,2[3/2]*,2,3s2.3p5.(2P*<3/2>).4p,2[3/2],1,5,3,,
772.4207,772.4207,10000,1.17E+07,8E+00,B+,94553.6652,107496.4166,3s2.3p5.(2P*<1/2>).4s,2[1/2]*,0,3s2.3p5.(2P*<1/2>).4p,2[1/2],1,1,3,,
,779.8561,,8.7E+04,1E-01,D+,106087.2598,118906.6110,3s2.3p5.(2P*<3/2>).4p,2[3/2],1,3s2.3p5.(2P*<3/2>).4d,2[3/2]*,2,3,5,,
,786.8194,,3.5E+05,2.53E-01,C,107054.2720,119760.1725,3s2.3p5.(2P*<3/2>).4p,2[1/2],0,3s2.3p5.(2P*<3/2>).6s,2[3/2]*,1,1,3,,
789.1075,789.1075,10,9.5E+05,1.2E+00,C,106237.5518,118906.6110,3s2.3p5.(2P*<3/2>).4p,2[3/2],2,3s2.3p5.(2P*<3/2>).4d,2[3/2]*,2,5,5,,
,791.6442,,1.2E+05,8.8E-02,D+,107131.7086,119760.1725,3s2.3p5.(2P*<1/2>).4p,2[3/2],1,3s2.3p5.(2P*<3/2>).6s,2[3/2]*,1,3,3,,
794.8176,794.8176,20000,1.86E+07,1.38E+01,B,94553.6652,107131.7086,3s2.3p5.(2P*<1/2>).4s,2[1/2]*,0,3s2.3p5.(2P*<1/2>).4p,2[3/2],1,1,3,,
,796.5065,,3.4E+04,4.2E-02,E,107131.7086,119683.0821,3s2.3p5.(2P*<1/2>).4p,2[3/2],1,3s2.3p5.(2P*<3/2>).6s,2[3/2]*,2,3,5,,
800.6157,800.6156,20000,4.9E+06,6.2E+00,C+,93750.5978,106237.5518,3s2.3p5.(2P*<3/2>).4s,2[3/2]*,1,3s2.3p5.(2P*<3/2>).4p,2[3/2],2,3,5,,
801.4786,801.4785,25000,9.3E+06,1.18E+01,B,93143.7600,105617.2700,3s2.3p5.(2P*<3/2>).4s,2[3/2]*,2,3s2.3p5.(2P*<3/2>).4p,2[5/2],2,5,5,,
,801.6738,,4.2E+03,3.2E-03,E,107289.7001,119760.1725,3s2.3p5.(2P*<1/2>).4p,2[3/2],2,3s2.3p5.(2P*<3/2>).6s,2[3/2]*,1,5,3,,
,803.7219,,3.59E+05,2.76E-01,C,108722.6194,121161.3135,3s2.3p5.(2P*<1/2>).4p,2[1/2],0,3s2.3p5.(2P*<1/2>).6s,2[1/2]*,1,1,3,,
,804.6118,,1.12E+06,2.88E-01,C,106087.2598,118512.197,3s2.3p5.(2P*<3/2>).4p,2[3/2],1,3s2.3p5.(2P*<3/2>).4d,2[1/2]*,0,3,1,,
805.3308,805.3308,7,8.6E+05,6.7E-01,C,106237.5518,118651.3950,3s2.3p5.(2P*<3/2>).4p,2[3/2],2,3s2.3p5.(2P*<3/2>).4d,2[1/2]*,1,5,3,,
,806.6604,,1.4E+05,1.8E-01,D+,107289.7001,119683.0821,3s2.3p5.(2P*<1/2>).4p,2[3/2],2,3s2.3p5.(2P*<3/2>).6s,2[3/2]*,2,5,5,,
810.3693,810.3692,20000,2.5E+07,1.97E+01,B+,93750.5978,106087.2598,3s2.3p5.(2P*<3/2>).4s,2[3/2]*,1,3s2.3p5.(2P*<3/2>).4p,2[3/2],1,3,3,,
811.5311,811.5311,35000,3.3E+07,6.1E+01,B,93143.7600,105462.7596,3s2.3p5.(2P*<3/2>).4s,2[3/2]*,2,3s2.3p5.(2P*<3/2>).4p,2[5/2],3,5,7,,
,815.1868,,3.3E+04,2.6E-02,E,107496.4166,119760.1725,3s2.3p5.(2P*<1/2>).4p,2[1/2],1,3s2.3p5.(2P*<3/2>).6s,2[3/2]*,1,3,3,,
,820.3435,,1.6E+05,2.2E-01,E,107496.4166,119683.0821,3s2.3p5.(2P*<1/2>).4p,2[1/2],1,3s2.3p5.(2P*<3/2>).6s,2[3/2]*,2,3,5,,
826.4522,826.4521,10000,1.53E+07,1.28E+01,B+,95399.8276,107496.4166,3s2.3p5.(2P*<1/2>).4s,2[1/2]*,1,3s2.3p5.(2P*<1/2>).4p,2[1/2],1,3,3,,
,838.473,,2.4E+05,4.9E-01,D,107289.7001,119212.87,3s2.3p5.(2P*<1/2>).4p,2[3/2],2,3s2.3p5.(2P*<3/2>).4d,2[7/2]*,3,5,7,,
840.8210,840.8209,15000,2.23E+07,3.27E+01,B+,95399.8276,107289.7001,3s2.3p5.(2P*<1/2>).4s,2[1/2]*,1,3s2.3p5.(2P*<1/2>).4p,2[3/2],2,3,5,,
842.4648,842.4647,20000,2.15E+07,3.18E+01,B+,93750.5978,105617.2700,3s2.3p5.(2P*<3/2>).4s,2[3/2]*,1,3s2.3p5.(2P*<3/2>).4p,2[5/2],2,3,5,,
,849.0307,,9.6E+04,1.5E-01,D,107131.7086,118906.6110,3s2.3p5.(2P*<1/2>).4p,2[3/2],1,3s2.3p5.(2P*<3/2>).4d,2[3/2]*,2,3,5,,
852.1442,852.1441,15000,1.39E+07,1.27E+01,B,95399.8276,107131.7086,3s2.3p5.(2P*<1/2>).4s,2[1/2]*,1,3s2.3p5.(2P*<1/2>).4p,2[3/2],1,3,3,,
860.5776,860.5776,7,1.04E+06,1.64E+00,C,107289.7001,118906.6110,3s2.3p5.(2P*<1/2>).4p,2[3/2],2,3s2.3p5.(2P*<3/2>).4d,2[3/2]*,2,5,5,,
,862.0460,,9.2E+05,8.7E-01,C,107054.2720,118651.3950,3s2.3p5.(2P*<3/2>).4p,2[1/2],0,3s2.3p5.(2P*<3/2>).4d,2[1/2]*,1,1,3,,
866.7944,866.7943,4500,2.43E+06,2.35E+00,B,94553.6652,106087.2598,3s2.3p5.(2P*<1/2>).4s,2[1/2]*,0,3s2.3p5.(2P*<3/2>).4p,2[3/2],1,1,3,,
,876.1686,,9.5E+05,1.6E+00,D+,107496.4166,118906.6110,3s2.3p5.(2P*<1/2>).4p,2[1/2],1,3s2.3p5.(2P*<3/2>).4d,2[3/2]*,2,3,5,,
,878.4557,,2.4E+05,8E-02,D,107131.7086,118512.197,3s2.3p5.(2P*<1/2>).4p,2[3/2],1,3s2.3p5.(2P*<3/2>).4d,2[1/2]*,0,3,1,,
,879.9087,,4.6E+05,4.6E-01,D+,107289.7001,118651.3950,3s2.3p5.(2P*<1/2>).4p,2[3/2],2,3s2.3p5.(2P*<3/2>).4d,2[1/2]*,1,5,3,,
,896.2147,,1.6E+05,1.7E-01,D+,107496.4166,118651.3950,3s2.3p5.(2P*<1/2>).4p,2[1/2],1,3s2.3p5.(2P*<3/2>).4d,2[1/2]*,1,3,3,,
,905.7493,,9.7E+04,1.1E-01,E,108722.6194,119760.1725,3s2.3p5.(2P*<1/2>).4p,2[1/2],0,3s2.3p5.(2P*<3/2>).6s,2[3/2]*,1,1,3,,
907.5394,907.5395,20,1.2E+06,4.4E-01,D,107496.4166,118512.197,3s2.3p5.(2P*<1/2>).4p,2[1/2],1,3s2.3p5.(2P*<3/2>).4d,2[1/2]*,0,3,1,,
912.2967,912.2967,35000,1.89E+07,2.13E+01,B,93143.7600,104102.0990,3s2.3p5.(2P*<3/2>).4s,2[3/2]*,2,3s2.3p5.(2P*<3/2>).4p,2[1/2],1,5,3,,
919.4638,919.4638,550,1.76E+06,2.03E+00,C,104102.0990,114975.019,3s2.3p5.(2P*<3/2>).4p,2[1/2],1,3s2.3p5.(2P*<1/2>).5s,2[1/2]*,1,3,3,,
922.4499,922.4498,15000,5E+06,9.8E+00,B,95399.8276,106237.5518,3s2.3p5.(2P*<1/2>).4s,2[1/2]*,1,3s2.3p5.(2P*<3/2>).4p,2[3/2],2,3,5,,
929.1531,929.1532,400,3.26E+06,1.29E+00,C,104102.0990,114861.635,3s2.3p5.(2P*<3/2>).4p,2[1/2],1,3s2.3p5.(2P*<1/2>).5s,2[1/2]*,0,3,1,,
935.4220,935.4218,1600,1.06E+06,1.29E+00,B,95399.8276,106087.2598,3s2.3p5.(2P*<1/2>).4s,2[1/2]*,1,3s2.3p5.(2P*<3/2>).4p,2[3/2],1,3,3,,
965.7786,965.7786,25000,5.4E+06,7.2E+00,B,93750.5978,104102.0990,3s2.3p5.(2P*<3/2>).4s,2[3/2]*,1,3s2.3p5.(2P*<3/2>).4p,2[1/2],1,3,3,,
978.4503,978.4502,4500,1.47E+06,3.4E+00,B,95399.8276,105617.2700,3s2.3p5.(2P*<1/2>).4s,2[1/2]*,1,3s2.3p5.(2P*<3/2>).4p,2[5/2],2,3,5,,
1047.0054,1047.0053,1600,9.8E+05,1.7E+00,C+,94553.6652,104102.0990,3s2.3p5.(2P*<1/2>).4s,2[1/2]*,0,3s2.3p5.(2P*<3/2>).4p,2[1/2],1,1,3,,
1047.8034,1047.8034,13,2.44E+06,4.16E+00,C,104102.0990,113643.260,3s2.3p5.(2P*<3/2>).4p,2[1/2],1,3s2.3p5.(2P*<3/2>).5s,2[3/2]*,1,3,3,,
,1050.6118,,1.58E+06,4.53E+00,C,112138.924,121654.580,3s2.3p5.(2P*<3/2>).3d,2[3/2]*,2,3s2.3p5.(2P*<1/2>).4f,2[5/2],2,5,5,,
1050.650,1050.6500,180,1.58E+06,6.34E+00,C,112138.924,121654.234,3s2.3p5.(2P*<3/2>).3d,2[3/2]*,2,3s2.3p5.(2P*<1/2>).4f,2[5/2],3,5,7,,
1067.3565,1067.3566,200,4.9E+06,1.5E+01,D,104102.0990,113468.473,3s2.3p5.(2P*<3/2>).4p,2[1/2],1,3s2.3p5.(2P*<3/2>).5s,2[3/2]*,2,3,5,,
,1068.3404,,2.1E+05,3.8E-01,E,105617.2700,114975.019,3s2.3p5.(2P*<3/2>).4p,2[5/2],2,3s2.3p5.(2P*<1/2>).5s,2[1/2]*,1,5,3,,
,1095.0726,,3.96E+05,7.71E-01,C,106237.5518,115366.866,3s2.3p5.(2P*<3/2>).4p,2[3/2],2,3s2.3p5.(2P*<1/2>).3d,2[3/2]*,1,5,3,,
1107.8869,1107.8868,11,8.3E+05,2.8E+00,C,105617.2700,114640.992,3s2.3p5.(2P*<3/2>).4p,2[5/2],2,3s2.3p5.(2P*<1/2>).3d,2[5/2]*,2,5,5,,
,1124.8350,,2.8E+05,5.9E-01,E,106087.2598,114975.019,3s2.3p5.(2P*<3/2>).4p,2[3/2],1,3s2.3p5.(2P*<1/2>).5s,2[1/2]*,1,3,3,,
,1139.3703,,2.22E+06,1.62E+00,C,106087.2598,114861.635,3s2.3p5.(2P*<3/2>).4p,2[3/2],1,3s2.3p5.(2P*<1/2>).5s,2[1/2]*,0,3,1,,
1144.1832,1144.1832,12,1.39E+06,3.09E+00,C,106237.5518,114975.019,3s2.3p5.(2P*<3/2>).4p,2[3/2],2,3s2.3p5.(2P*<1/2>).5s,2[1/2]*,1,5,3,,
,1146.7545,,3.69E+05,1.37E+00,C,106087.2598,114805.135,3s2.3p5.(2P*<3/2>).4p,2[3/2],1,3s2.3p5.(2P*<1/2>).3d,2[3/2]*,2,3,5,,
1148.8109,1148.8108,400,1.9E+05,4.3E-01,C,95399.8276,104102.0990,3s2.3p5.(2P*<1/2>).4s,2[1/2]*,1,3s2.3p5.(2P*<3/2>).4p,2[1/2],1,3,3,,
,1158.0389,,3.46E+05,2.39E+00,C,113020.355,121653.280,3s2.3p5.(2P*<3/2>).3d,2[7/2]*,3,3s2.3p5.(2P*<1/2>).4f,2[7/2],4,7,9,,
,1158.0446,,3.46E+05,1.86E+00,C,113020.355,121653.238,3s2.3p5.(2P*<3/2>).3d,2[7/2]*,3,3s2.3p5.(2P*<1/2>).4f,2[7/2],3,7,7,,
1166.8710,1166.8709,200,3.76E+06,1.48E+01,C,106237.5518,114805.135,3s2.3p5.(2P*<3/2>).4p,2[3/2],2,3s2.3p5.(2P*<1/2>).3d,2[3/2]*,2,5,5,,
1171.9488,1171.9487,12,9.52E+05,2.27E+00,C,105617.2700,114147.732,3s2.3p5.(2P*<3/2>).4p,2[5/2],2,3s2.3p5.(2P*<3/2>).3d,2[3/2]*,1,5,3,,
,1173.3236,,6.7E+05,1.6E+00,C,111667.766,120188.232,3s2.3p5.(2P*<3/2>).3d,2[1/2]*,0,3s2.3p5.(2P*<3/2>).4f,2[3/2],1,1,3,,
,1194.3302,,4.6E+06,1.9E+01,D+,111818.028,120188.631,3s2.3p5.(2P*<3/2>).3d,2[1/2]*,1,3s2.3p5.(2P*<3/2>).4f,2[3/2],2,3,5,,
,1194.3871,,4.6E+06,1.2E+01,D+,111818.028,120188.232,3s2.3p5.(2P*<3/2>).3d,2[1/2]*,1,3s2.3p5.(2P*<3/2>).4f,2[3/2],1,3,3,,
,1202.6648,,4.2E+05,1.1E+00,D,107054.2720,115366.866,3s2.3p5.(2P*<3/2>).4p,2[1/2],0,3s2.3p5.(2P*<1/2>).3d,2[3/2]*,1,1,3,,
1211.2326,1211.2324,200,3.1E+06,1.9E+01,D,105462.7596,113716.555,3s2.3p5.(2P*<3/2>).4p,2[5/2],3,3s2.3p5.(2P*<3/2>).3d,2[5/2]*,3,7,7,,
1213.9738,1213.9737,50,4.5E+06,1.2E+01,D,107131.7086,115366.866,3s2.3p5.(2P*<1/2>).4p,2[3/2],1,3s2.3p5.(2P*<1/2>).3d,2[3/2]*,1,3,3,,
1234.3393,1234.3392,50,2E+06,1.3E+01,D,105617.2700,113716.555,3s2.3p5.(2P*<3/2>).4p,2[5/2],2,3s2.3p5.(2P*<3/2>).3d,2[5/2]*,3,5,7,,
,1235.5819,,3.5E+06,1.6E+01,D,112138.924,120230.063,3s2.3p5.(2P*<3/2>).3d,2[3/2]*,2,3s2.3p5.(2P*<3/2>).4f,2[5/2],2,5,5,,
,1235.6297,,3.5E+06,2.3E+01,D,112138.924,120229.750,3s2.3p5.(2P*<3/2>).3d,2[3/2]*,2,3s2.3p5.(2P*<3/2>).4f,2[5/2],3,5,7,,
1240.2827,1240.2828,200,1.1E+07,3.1E+01,D,106087.2598,114147.732,3s2.3p5.(2P*<3/2>).4p,2[3/2],1,3s2.3p5.(2P*<3/2>).3d,2[3/2]*,1,3,3,,
1243.9321,1243.9321,200,4.9E+06,2.3E+01,D,104102.0990,112138.924,3s2.3p5.(2P*<3/2>).4p,2[1/2],1,3s2.3p5.(2P*<3/2>).3d,2[3/2]*,2,3,5,,
1245.612,1245.6114,100,8.9E+06,2.5E+01,D,105617.2700,113643.260,3s2.3p5.(2P*<3/2>).4p,2[5/2],2,3s2.3p5.(2P*<3/2>).5s,2[3/2]*,1,5,3,,
1248.7663,1248.7663,200,1.1E+07,5.3E+01,D,105462.7596,113468.473,3s2.3p5.(2P*<3/2>).4p,2[5/2],3,3s2.3p5.(2P*<3/2>).5s,2[3/2]*,2,7,5,,
,1255.4324,,1.2E+05,5.9E-01,D,105462.7596,113425.964,3s2.3p5.(2P*<3/2>).4p,2[5/2],3,3s2.3p5.(2P*<3/2>).3d,2[5/2]*,2,7,5,,
,1262.1619,,3.8E+05,1.1E+00,E,107054.2720,114975.019,3s2.3p5.(2P*<3/2>).4p,2[1/2],0,3s2.3p5.(2P*<1/2>).5s,2[1/2]*,1,1,3,,
1270.2281,1270.2280,150,7.1E+06,2.2E+01,D,107496.4166,115366.866,3s2.3p5.(2P*<1/2>).4p,2[1/2],1,3s2.3p5.(2P*<1/2>).3d,2[3/2]*,1,3,3,,
1273.3418,1273.3418,30,1.1E+06,5.6E+00,D,105617.2700,113468.473,3s2.3p5.(2P*<3/2>).4p,2[5/2],2,3s2.3p5.(2P*<3/2>).5s,2[3/2]*,2,5,5,,
1274.6232,1274.6232,12,2E+06,6.1E+00,D,107131.7086,114975.019,3s2.3p5.(2P*<1/2>).4p,2[3/2],1,3s2.3p5.(2P*<1/2>).5s,2[1/2]*,1,3,3,,
1280.2739,1280.2737,200,5.7E+06,3E+01,D,105617.2700,113425.964,3s2.3p5.(2P*<3/2>).4p,2[5/2],2,3s2.3p5.(2P*<3/2>).3d,2[5/2]*,2,5,5,,
1293.3195,1293.3196,50,1E+07,1.1E+01,D,107131.7086,114861.635,3s2.3p5.(2P*<1/2>).4p,2[3/2],1,3s2.3p5.(2P*<1/2>).5s,2[1/2]*,0,3,1,,
1295.6659,1295.6658,500,7.4E+06,2.4E+01,D,104102.0990,111818.028,3s2.3p5.(2P*<3/2>).4p,2[1/2],1,3s2.3p5.(2P*<3/2>).3d,2[1/2]*,1,3,3,,
1300.8264,1300.8264,200,8.9E+06,2.9E+01,D,107289.7001,114975.019,3s2.3p5.(2P*<1/2>).4p,2[3/2],2,3s2.3p5.(2P*<1/2>).5s,2[1/2]*,1,5,3,,
1321.399,1321.3991,200,8.1E+06,9.2E+00,D,104102.0990,111667.766,3s2.3p5.(2P*<3/2>).4p,2[1/2],1,3s2.3p5.(2P*<3/2>).3d,2[1/2]*,0,3,1,,
1323.090,1323.0897,100,4.6E+06,1.6E+01,D,106087.2598,113643.260,3s2.3p5.(2P*<3/2>).4p,2[3/2],1,3s2.3p5.(2P*<3/2>).5s,2[3/2]*,1,3,3,,
1327.264,1327.2635,500,1.5E+07,1.2E+02,D,107289.7001,114821.939,3s2.3p5.(2P*<1/2>).4p,2[3/2],2,3s2.3p5.(2P*<1/2>).3d,2[5/2]*,3,5,7,,
1331.3210,1331.3209,1000,1.3E+07,7.6E+01,D,107131.7086,114640.992,3s2.3p5.(2P*<1/2>).4p,2[3/2],1,3s2.3p5.(2P*<1/2>).3d,2[5/2]*,2,3,5,,
,1336.7827,,3.4E+06,1.2E+01,D,107496.4166,114975.019,3s2.3p5.(2P*<1/2>).4p,2[1/2],1,3s2.3p5.(2P*<1/2>).5s,2[1/2]*,1,3,3,,
,1340.6513,,6.5E+06,7E+01,D,112750.153,120207.175,3s2.3p5.(2P*<3/2>).3d,2[7/2]*,4,3s2.3p5.(2P*<3/2>).4f,2[9/2],4,9,9,,
,1340.6587,,6.5E+06,8.5E+01,D,112750.153,120207.134,3s2.3p5.(2P*<3/2>).3d,2[7/2]*,4,3s2.3p5.(2P*<3/2>).4f,2[9/2],5,9,11,,
1349.941,1349.9406,30,2.7E+06,9.8E+00,D,106237.5518,113643.260,3s2.3p5.(2P*<3/2>).4p,2[3/2],2,3s2.3p5.(2P*<3/2>).5s,2[3/2]*,1,5,3,,
1350.4191,1350.4189,1000,1.1E+07,9.4E+01,D,105617.2700,113020.355,3s2.3p5.(2P*<3/2>).4p,2[5/2],2,3s2.3p5.(2P*<3/2>).3d,2[7/2]*,3,5,7,,
,1354.4205,,4.6E+05,2.8E+00,E,106087.2598,113468.473,3s2.3p5.(2P*<3/2>).4p,2[3/2],1,3s2.3p5.(2P*<3/2>).5s,2[3/2]*,2,3,5,,
1357.3617,1357.3618,11,5.1E+06,6.3E+00,D,107496.4166,114861.635,3s2.3p5.(2P*<1/2>).4p,2[1/2],1,3s2.3p5.(2P*<1/2>).5s,2[1/2]*,0,3,1,,
1359.9333,1359.9333,30,2.2E+06,1.4E+01,D,107289.7001,114640.992,3s2.3p5.(2P*<1/2>).4p,2[3/2],2,3s2.3p5.(2P*<1/2>).3d,2[5/2]*,2,5,5,,
1362.2659,1362.2659,400,7.3E+06,4.6E+01,D,106087.2598,113425.964,3s2.3p5.(2P*<3/2>).4p,2[3/2],1,3s2.3p5.(2P*<3/2>).3d,2[5/2]*,2,3,5,,
1367.8550,1367.8549,200,6.2E+06,3.9E+01,D,107496.4166,114805.135,3s2.3p5.(2P*<1/2>).4p,2[1/2],1,3s2.3p5.(2P*<1/2>).3d,2[3/2]*,2,3,5,,
1382.5715,1382.5716,10,3.3E+06,2.2E+01,D,106237.5518,113468.473,3s2.3p5.(2P*<3/2>).4p,2[3/2],2,3s2.3p5.(2P*<3/2>).5s,2[3/2]*,2,5,5,,
1409.3640,1409.3640,200,4.3E+06,1.8E+01,D,107054.2720,114147.732,3s2.3p5.(2P*<3/2>).4p,2[1/2],0,3s2.3p5.(2P*<3/2>).3d,2[3/2]*,1,1,3,,
,1459.5734,,5.3E+06,4.1E+01,D,114805.135,121654.580,3s2.3p5.(2P*<1/2>).3d,2[3/2]*,2,3s2.3p5.(2P*<1/2>).4f,2[5/2],2,5,5,,
,1459.6471,,5.3E+06,5.7E+01,D,114805.135,121654.234,3s2.3p5.(2P*<1/2>).3d,2[3/2]*,2,3s2.3p5.(2P*<1/2>).4f,2[5/2],3,5,7,,
,1463.4414,,9E+06,1.3E+02,D,114821.939,121653.280,3s2.3p5.(2P*<1/2>).3d,2[5/2]*,3,3s2.3p5.(2P*<1/2>).4f,2[7/2],4,7,9,,
,1463.4504,,9E+06,9.8E+01,D,114821.939,121653.238,3s2.3p5.(2P*<1/2>).3d,2[5/2]*,3,3s2.3p5.(2P*<1/2>).4f,2[7/2],3,7,7,,
,1473.9139,,8.8E+04,9.7E-01,D,106237.5518,113020.355,3s2.3p5.(2P*<3/2>).4p,2[3/2],2,3s2.3p5.(2P*<3/2>).3d,2[7/2]*,3,5,7,,
,1478.5380,,2.1E+05,1.7E+00,D,113468.473,120230.063,3s2.3p5.(2P*<3/2>).5s,2[3/2]*,2,3s2.3p5.(2P*<3/2>).4f,2[5/2],2,5,5,,
,1478.6064,,2.1E+05,2.3E+00,D,113468.473,120229.750,3s2.3p5.(2P*<3/2>).5s,2[3/2]*,2,3s2.3p5.(2P*<3/2>).4f,2[5/2],3,5,7,,
,1487.6537,,6E+04,4.9E-01,D,113468.473,120188.631,3s2.3p5.(2P*<3/2>).5s,2[3/2]*,2,3s2.3p5.(2P*<3/2>).4f,2[3/2],2,5,5,,
,1487.7420,,6E+04,2.9E-01,D,113468.473,120188.232,3s2.3p5.(2P*<3/2>).5s,2[3/2]*,2,3s2.3p5.(2P*<3/2>).4f,2[3/2],1,5,3,,
1504.650,1504.6503,100,5.2E+06,2.6E+01,D,108722.6194,115366.866,3s2.3p5.(2P*<1/2>).4p,2[1/2],0,3s2.3p5.(2P*<1/2>).3d,2[3/2]*,1,1,3,,
1517.269,1517.2691,25,1.3E+06,6.7E+00,D,107054.2720,113643.260,3s2.3p5.(2P*<3/2>).4p,2[1/2],0,3s2.3p5.(2P*<3/2>).5s,2[3/2]*,1,1,3,,
,1530.1881,,5.4E+06,8.6E+01,D,113716.555,120249.914,3s2.3p5.(2P*<3/2>).3d,2[5/2]*,3,3s2.3p5.(2P*<3/2>).4f,2[7/2],4,7,9,,
,1530.1970,,5.4E+06,6.7E+01,D,113716.555,120249.876,3s2.3p5.(2P*<3/2>).3d,2[5/2]*,3,3s2.3p5.(2P*<3/2>).4f,2[7/2],3,7,7,,
1532.934,1532.9345,10,1.2E+05,1.1E+00,E,105617.2700,112138.924,3s2.3p5.(2P*<3/2>).4p,2[5/2],2,3s2.3p5.(2P*<3/2>).3d,2[3/2]*,2,5,5,,
,1535.3128,,4.5E+05,2.4E+00,E,107131.7086,113643.260,3s2.3p5.(2P*<1/2>).4p,2[3/2],1,3s2.3p5.(2P*<3/2>).5s,2[3/2]*,1,3,3,,
,1540.2640,,1.4E+06,2.3E+01,D,113716.555,120207.175,3s2.3p5.(2P*<3/2>).3d,2[5/2]*,3,3s2.3p5.(2P*<3/2>).4f,2[9/2],4,7,9,,
,1555.5460,,9.8E+03,1.3E-01,D,107289.7001,113716.555,3s2.3p5.(2P*<1/2>).4p,2[3/2],2,3s2.3p5.(2P*<3/2>).3d,2[5/2]*,3,5,7,,
,1573.4909,,2.9E+04,1.7E-01,D,107289.7001,113643.260,3s2.3p5.(2P*<1/2>).4p,2[3/2],2,3s2.3p5.(2P*<3/2>).5s,2[3/2]*,1,5,3,,
,1577.6614,,5.9E+04,5.7E-01,E,107131.7086,113468.473,3s2.3p5.(2P*<1/2>).4p,2[3/2],1,3s2.3p5.(2P*<3/2>).5s,2[3/2]*,2,3,5,,
,1581.6777,,8.7E+04,5.1E-01,E,112138.924,118459.5975,3s2.3p5.(2P*<3/2>).3d,2[3/2]*,2,3s2.3p5.(2P*<1/2>).5p,2[1/2],1,5,3,,
,1589.9687,,7.7E+06,7.6E+01,D,115366.866,121654.580,3s2.3p5.(2P*<1/2>).3d,2[3/2]*,1,3s2.3p5.(2P*<1/2>).4f,2[5/2],2,3,5,,
1598.949,1598.9491,30,1.9E+06,1.2E+01,D,108722.6194,114975.019,3s2.3p5.(2P*<1/2>).4p,2[1/2],0,3s2.3p5.(2P*<1/2>).5s,2[1/2]*,1,1,3,,
,1612.2656,,3.9E+04,2.4E-01,D,105617.2700,111818.028,3s2.3p5.(2P*<3/2>).4p,2[5/2],2,3s2.3p5.(2P*<3/2>).3d,2[1/2]*,1,5,3,,
,1618.0023,,1.2E+05,1.3E+00,D,107289.7001,113468.473,3s2.3p5.(2P*<1/2>).4p,2[3/2],2,3s2.3p5.(2P*<3/2>).5s,2[3/2]*,2,5,5,,
,1626.4070,,3E+04,1.9E-01,D,107496.4166,113643.260,3s2.3p5.(2P*<1/2>).4p,2[1/2],1,3s2.3p5.(2P*<3/2>).5s,2[3/2]*,1,3,3,,
,1643.6575,,5.9E+06,6.5E+01,D,114147.732,120230.063,3s2.3p5.(2P*<3/2>).3d,2[3/2]*,1,3s2.3p5.(2P*<3/2>).4f,2[5/2],2,3,5,,
1651.986,1651.9867,30,2.6E+05,2.9E+00,D,106087.2598,112138.924,3s2.3p5.(2P*<3/2>).4p,2[3/2],1,3s2.3p5.(2P*<3/2>).3d,2[3/2]*,2,3,5,,
,1654.9307,,1.6E+06,1.8E+01,D,114147.732,120188.631,3s2.3p5.(2P*<3/2>).3d,2[3/2]*,1,3s2.3p5.(2P*<3/2>).4f,2[3/2],2,3,5,,
,1655.0400,,1.6E+06,1.1E+01,D,114147.732,120188.232,3s2.3p5.(2P*<3/2>).3d,2[3/2]*,1,3s2.3p5.(2P*<3/2>).4f,2[3/2],1,3,3,,
,1674.0078,,3.1E+05,3.6E+00,D,107496.4166,113468.473,3s2.3p5.(2P*<1/2>).4p,2[1/2],1,3s2.3p5.(2P*<3/2>).5s,2[3/2]*,2,3,5,,
1694.058,1694.0584,500,2.5E+06,3E+01,D,106237.5518,112138.924,3s2.3p5.(2P*<3/2>).4p,2[3/2],2,3s2.3p5.(2P*<3/2>).3d,2[3/2]*,2,5,5,,
,1782.399,,8.4E+05,1.6E+01,E,114640.992,120249.876,3s2.3p5.(2P*<1/2>).3d,2[5/2]*,2,3s2.3p5.(2P*<3/2>).4f,2[7/2],3,5,7,,
,2032.256,,1.6E+05,2E+00,D,108722.6194,113643.260,3s2.3p5.(2P*<1/2>).4p,2[1/2],0,3s2.3p5.(2P*<3/2>).5s,2[3/2]*,1,1,3,,
2062.186,2062.186,50,3.9E+05,8.4E+00,D,107289.7001,112138.924,3s2.3p5.(2P*<1/2>).4p,2[3/2],2,3s2.3p5.(2P*<3/2>).3d,2[3/2]*,2,5,5,,
,2081.672,,7.6E+04,2.4E+00,D,112138.924,116942.7542,3s2.3p5.(2P*<3/2>).3d,2[3/2]*,2,3s2.3p5.(2P*<3/2>).5p,2[5/2],3,5,7,,
,2133.871,,3.2E+04,4.6E-01,D,107131.7086,111818.028,3s2.3p5.(2P*<1/2>).4p,2[3/2],1,3s2.3p5.(2P*<3/2>).3d,2[1/2]*,1,3,3,,
,2154.008,,1.1E+05,2.7E+00,D,107496.4166,112138.924,3s2.3p5.(2P*<1/2>).4p,2[1/2],1,3s2.3p5.(2P*<3/2>).3d,2[3/2]*,2,3,5,,
,2204.558,,1.2E+05,6.3E-01,D,107131.7086,111667.766,3s2.3p5.(2P*<1/2>).4p,2[3/2],1,3s2.3p5.(2P*<3/2>).3d,2[1/2]*,0,3,1,,
,2208.321,,1.4E+05,2.2E+00,D,107289.7001,111818.028,3s2.3p5.(2P*<1/2>).4p,2[3/2],2,3s2.3p5.(2P*<3/2>).3d,2[1/2]*,1,5,3,,
2313.951,2313.952,20,1.7E+05,3.1E+00,D,107496.4166,111818.028,3s2.3p5.(2P*<1/2>).4p,2[1/2],1,3s2.3p5.(2P*<3/2>).3d,2[1/2]*,1,3,3,,
,2385.154,,1.1E+06,5.2E+01,D,112750.153,116942.7542,3s2.3p5.(2P*<3/2>).3d,2[7/2]*,4,3s2.3p5.(2P*<3/2>).5p,2[5/2],3,9,7,,
2397.306,2397.306,20,3.6E+05,2.4E+00,D,107496.4166,111667.766,3s2.3p5.(2P*<1/2>).4p,2[1/2],1,3s2.3p5.(2P*<3/2>).3d,2[1/2]*,0,3,1,,